[{"model": "sessions.session", "pk": "2tgauy9q5ziydylzzbjw8kna9p0jlehi", "fields": {"session_data": "MzUwODc0NDAyZTcxMDE2NWFlNWUyMTZiYjM0MmUzNDkwMTYzMWU4Yjp7Il9hdXRoX3VzZXJfaWQiOiIxIiwiX2F1dGhfdXNlcl9iYWNrZW5kIjoiZGphbmdvLmNvbnRyaWIuYXV0aC5iYWNrZW5kcy5Nb2RlbEJhY2tlbmQiLCJfYXV0aF91c2VyX2hhc2giOiIwZTU2ZmExNjVlMDk1NTc4MDdkNTJiOGM1MGQ0Y2FiNzNmZWQ3Yzg4In0=", "expire_date": "2020-04-14T08:51:01.265Z"}}, {"model": "sessions.session", "pk": "4m8f4ts0y9qazdu3blq1e1sh5ofmjihh", "fields": {"session_data": "MzUwODc0NDAyZTcxMDE2NWFlNWUyMTZiYjM0MmUzNDkwMTYzMWU4Yjp7Il9hdXRoX3VzZXJfaWQiOiIxIiwiX2F1dGhfdXNlcl9iYWNrZW5kIjoiZGphbmdvLmNvbnRyaWIuYXV0aC5iYWNrZW5kcy5Nb2RlbEJhY2tlbmQiLCJfYXV0aF91c2VyX2hhc2giOiIwZTU2ZmExNjVlMDk1NTc4MDdkNTJiOGM1MGQ0Y2FiNzNmZWQ3Yzg4In0=", "expire_date": "2020-04-13T04:44:50.375Z"}}, {"model": "sessions.session", "pk": "4z7ru3m6gryzakfp955cghf1i0lk2pu7", "fields": {"session_data": "MzUwODc0NDAyZTcxMDE2NWFlNWUyMTZiYjM0MmUzNDkwMTYzMWU4Yjp7Il9hdXRoX3VzZXJfaWQiOiIxIiwiX2F1dGhfdXNlcl9iYWNrZW5kIjoiZGphbmdvLmNvbnRyaWIuYXV0aC5iYWNrZW5kcy5Nb2RlbEJhY2tlbmQiLCJfYXV0aF91c2VyX2hhc2giOiIwZTU2ZmExNjVlMDk1NTc4MDdkNTJiOGM1MGQ0Y2FiNzNmZWQ3Yzg4In0=", "expire_date": "2020-04-15T11:49:45.982Z"}}, {"model": "sessions.session", "pk": "bw91ruzt4sdzt8wzdmpbyrf6aa0bt2qi", "fields": {"session_data": "MzUwODc0NDAyZTcxMDE2NWFlNWUyMTZiYjM0MmUzNDkwMTYzMWU4Yjp7Il9hdXRoX3VzZXJfaWQiOiIxIiwiX2F1dGhfdXNlcl9iYWNrZW5kIjoiZGphbmdvLmNvbnRyaWIuYXV0aC5iYWNrZW5kcy5Nb2RlbEJhY2tlbmQiLCJfYXV0aF91c2VyX2hhc2giOiIwZTU2ZmExNjVlMDk1NTc4MDdkNTJiOGM1MGQ0Y2FiNzNmZWQ3Yzg4In0=", "expire_date": "2020-04-20T07:53:18.558Z"}}, {"model": "sessions.session", "pk": "qtv0gbtvpg2hs4hha6ooryf0cpr4m43h", "fields": {"session_data": "MzUwODc0NDAyZTcxMDE2NWFlNWUyMTZiYjM0MmUzNDkwMTYzMWU4Yjp7Il9hdXRoX3VzZXJfaWQiOiIxIiwiX2F1dGhfdXNlcl9iYWNrZW5kIjoiZGphbmdvLmNvbnRyaWIuYXV0aC5iYWNrZW5kcy5Nb2RlbEJhY2tlbmQiLCJfYXV0aF91c2VyX2hhc2giOiIwZTU2ZmExNjVlMDk1NTc4MDdkNTJiOGM1MGQ0Y2FiNzNmZWQ3Yzg4In0=", "expire_date": "2020-04-20T05:06:22.603Z"}}, {"model": "account.user", "fields": {"last_login": "2020-04-06T07:53:18.534Z", "is_superuser": true, "first_name": "", "last_name": "", "email": "rlqls505@naver.com", "is_staff": true, "is_active": true, "date_joined": "2020-03-30T04:44:23.866Z", "username": "rlqls505@naver.com", "type": 0, "password": "pbkdf2_sha256$120000$dWKub8LeVI7K$QPaIir5KtemtOiOZN56gGzZ2vTW+trujXYW+aFeZhXQ=", "phone": "", "groups": [], "user_permissions": []}}, {"model": "account.user", "fields": {"last_login": null, "is_superuser": false, "first_name": "", "last_name": "", "email": "", "is_staff": false, "is_active": true, "date_joined": "2020-03-30T05:14:04.285Z", "username": "boltnnut@boltnnut.3444344", "type": 1, "password": "pbkdf2_sha256$120000$YjrCbPOEfKsF$nRVdzugsaf9/BxIyIf08irSmYnsBp+PPsVPU4Zb7hZA=", "phone": "010-4112-6637", "groups": [], "user_permissions": []}}, {"model": "account.user", "fields": {"last_login": null, "is_superuser": false, "first_name": "", "last_name": "", "email": "", "is_staff": false, "is_active": true, "date_joined": "2020-03-30T05:16:16.755Z", "username": "boltnnut@boltnnut.34443444", "type": 1, "password": "pbkdf2_sha256$120000$NdyVFwHleHF4$56+JiY9+ot/HhlrutJN/HYbqvAuaD+2fAUoI4LzUC3w=", "phone": "010-4112-6637", "groups": [], "user_permissions": []}}, {"model": "account.user", "fields": {"last_login": null, "is_superuser": false, "first_name": "", "last_name": "", "email": "", "is_staff": false, "is_active": true, "date_joined": "2020-03-30T05:37:56.543Z", "username": "boltnnut@boltnnut.com", "type": 1, "password": "pbkdf2_sha256$120000$EHZuJISqYcmN$4FYEiewbnBw4QwWaB0CTjePHSWTQO8ayxZaattRrqTs=", "phone": "010-4112-6637", "groups": [], "user_permissions": []}}, {"model": "account.user", "fields": {"last_login": null, "is_superuser": false, "first_name": "", "last_name": "", "email": "", "is_staff": false, "is_active": true, "date_joined": "2020-03-31T07:26:25.319Z", "username": "6543@naver.co555m", "type": 0, "password": "pbkdf2_sha256$120000$41KHjSs4d2zi$p1FtCReS2BMnJt5OUxu7SOqGh8g8a49M3eMG1OlPTcg=", "phone": "a12345", "groups": [], "user_permissions": []}}, {"model": "account.user", "fields": {"last_login": null, "is_superuser": false, "first_name": "", "last_name": "", "email": "", "is_staff": false, "is_active": true, "date_joined": "2020-03-31T07:26:27.600Z", "username": "6543@naver.co5555m", "type": 0, "password": "pbkdf2_sha256$120000$mG9mHLNuhCzs$yy3wgKdpQMbrnTB4bV5sF8brsLIPd9Ojg9dEjDDrsIk=", "phone": "a12345", "groups": [], "user_permissions": []}}, {"model": "account.user", "fields": {"last_login": null, "is_superuser": false, "first_name": "", "last_name": "", "email": "", "is_staff": false, "is_active": true, "date_joined": "2020-03-31T07:26:30.568Z", "username": "6543@naver.co55555m", "type": 0, "password": "pbkdf2_sha256$120000$ND1Kkf1znyLw$FiLmVabX9d1VkRB1+kEyPO1fM8yvUnptJxRgSj9icZw=", "phone": "a12345", "groups": [], "user_permissions": []}}, {"model": "account.user", "fields": {"last_login": null, "is_superuser": false, "first_name": "", "last_name": "", "email": "", "is_staff": false, "is_active": true, "date_joined": "2020-03-31T07:26:33.304Z", "username": "6543@naver.co555555m", "type": 0, "password": "pbkdf2_sha256$120000$fmTl4rRY4sRK$at49+UVeWdzL5ZLRbrTrDiyKr8w3+H+ZC7LippN/CL8=", "phone": "a12345", "groups": [], "user_permissions": []}}, {"model": "account.user", "fields": {"last_login": null, "is_superuser": false, "first_name": "", "last_name": "", "email": "", "is_staff": false, "is_active": true, "date_joined": "2020-03-31T07:26:35.428Z", "username": "6543@naver.co5555555m", "type": 0, "password": "pbkdf2_sha256$120000$rCCKRK6Kgq1F$wRvvQeFoSOczJTPMZ29o7IyoXivJjvJhd20oMMh6XxA=", "phone": "a12345", "groups": [], "user_permissions": []}}, {"model": "account.user", "fields": {"last_login": null, "is_superuser": false, "first_name": "", "last_name": "", "email": "", "is_staff": false, "is_active": true, "date_joined": "2020-03-31T07:26:37.495Z", "username": "6543@naver.co55555555m", "type": 0, "password": "pbkdf2_sha256$120000$5WmwGc9RW2nb$Z1EPZEcePJcVhXlNwmVHGWZAjzveg8soeYFieN2khpo=", "phone": "a12345", "groups": [], "user_permissions": []}}, {"model": "account.user", "fields": {"last_login": null, "is_superuser": false, "first_name": "", "last_name": "", "email": "", "is_staff": false, "is_active": true, "date_joined": "2020-03-31T07:26:39.686Z", "username": "6543@naver.co555555555m", "type": 0, "password": "pbkdf2_sha256$120000$X8kY0kXi9AEx$MEL6I1pVeUOhV3sm+v9UKNi938E42JruVAojqDCcTGk=", "phone": "a12345", "groups": [], "user_permissions": []}}, {"model": "account.user", "fields": {"last_login": null, "is_superuser": false, "first_name": "", "last_name": "", "email": "", "is_staff": false, "is_active": true, "date_joined": "2020-03-31T07:26:41.536Z", "username": "6543@naver.co5555555555m", "type": 0, "password": "pbkdf2_sha256$120000$dpoZGcmaBwPU$pjVfqvQFjUDmF4Tn8j2C+6gK3qs+2/lKhCLxPqGPu+s=", "phone": "a12345", "groups": [], "user_permissions": []}}, {"model": "account.user", "fields": {"last_login": null, "is_superuser": false, "first_name": "", "last_name": "", "email": "", "is_staff": false, "is_active": true, "date_joined": "2020-03-31T07:41:03.770Z", "username": "boltnnut@boltnnut.com2334", "type": 1, "password": "pbkdf2_sha256$120000$8EKaX4cw4d9L$8n4NRW5zPRt9ueB+IT0oy+wyBRNHeEpRukuUUkBW3IE=", "phone": "010-4112-6637", "groups": [], "user_permissions": []}}, {"model": "account.user", "fields": {"last_login": null, "is_superuser": false, "first_name": "", "last_name": "", "email": "", "is_staff": false, "is_active": true, "date_joined": "2020-04-02T05:29:36.348Z", "username": "boltnnut@boltnnut.com23344", "type": 1, "password": "pbkdf2_sha256$120000$gn3hanvs5Tc3$OYEAOYZraz+E5mYKaarKLTeEoUEBPrgacD6PH+pdaEI=", "phone": "010-4854-2760", "groups": [], "user_permissions": []}}, {"model": "account.user", "fields": {"last_login": null, "is_superuser": false, "first_name": "", "last_name": "", "email": "", "is_staff": false, "is_active": true, "date_joined": "2020-04-02T05:29:57.860Z", "username": "boltnnut@boltnnut.com233444", "type": 1, "password": "pbkdf2_sha256$120000$4rxzK2syRjYh$yMHP8VAmPY3Qt7ZitNWGAAvKPOPf8ALAZUZp5KHxZpA=", "phone": "010-4322-1482", "groups": [], "user_permissions": []}}, {"model": "account.user", "fields": {"last_login": null, "is_superuser": false, "first_name": "", "last_name": "", "email": "", "is_staff": false, "is_active": true, "date_joined": "2020-04-05T10:57:00.329Z", "username": "boltnnut@boltnnut.com2334444", "type": 1, "password": "pbkdf2_sha256$120000$APeqowfoBEnr$2vbn8M5V+lpXWR57UqXTeI3O1vaJbdDCVdYASqoBYXE=", "phone": "010-4322-1482", "groups": [], "user_permissions": []}}, {"model": "account.user", "fields": {"last_login": null, "is_superuser": false, "first_name": "", "last_name": "", "email": "", "is_staff": false, "is_active": true, "date_joined": "2020-04-06T06:52:12.985Z", "username": "wkddnjset@naver.com", "type": 1, "password": "pbkdf2_sha256$120000$lDVxG6qhQAcS$fIZE2S176YkbH7m7L0llIIOrphvzCqR7I637pGuMnqE=", "phone": "01024932906", "groups": [], "user_permissions": []}}, {"model": "account.user", "fields": {"last_login": null, "is_superuser": false, "first_name": "", "last_name": "", "email": "", "is_staff": false, "is_active": true, "date_joined": "2020-04-06T07:51:49.502Z", "username": "boltnnut@boltnnut.com56", "type": 1, "password": "pbkdf2_sha256$120000$gAr0ceJAVVu3$IgFR1W1fcqUnOGjiI2alsu2CCQpbgItZU3aTfGQYBHk=", "phone": "010-4322-1482", "groups": [], "user_permissions": []}}, {"model": "account.user", "fields": {"last_login": null, "is_superuser": false, "first_name": "", "last_name": "", "email": "", "is_staff": false, "is_active": true, "date_joined": "2020-04-06T07:54:42.280Z", "username": "boltnnut@boltnnut.com567", "type": 1, "password": "pbkdf2_sha256$120000$npn7sCJkLcyY$+7DHAT6m1SQlZzD7mjxvfZOQRH6qnAiupd8rkdERcrE=", "phone": "010-4322-1482", "groups": [], "user_permissions": []}}, {"model": "account.user", "fields": {"last_login": null, "is_superuser": false, "first_name": "", "last_name": "", "email": "", "is_staff": false, "is_active": true, "date_joined": "2020-04-06T07:54:51.664Z", "username": "boltnnut@boltnnut.com5678", "type": 1, "password": "pbkdf2_sha256$120000$ceB06k0aWCyH$qK/7oh9SgENnGdmUA52qY3XelD7XHzvwM+VEuuet2wI=", "phone": "010-4322-1482", "groups": [], "user_permissions": []}}, {"model": "account.user", "fields": {"last_login": null, "is_superuser": false, "first_name": "", "last_name": "", "email": "", "is_staff": false, "is_active": true, "date_joined": "2020-04-06T07:55:10.524Z", "username": "boltnnut@boltnnut.com56783", "type": 1, "password": "pbkdf2_sha256$120000$l3ftayMZEeu5$d2yoQVXnoJVKidCAZNBa189nxoRRYU8nURhE3A7Bi2E=", "phone": "010-4322-1482", "groups": [], "user_permissions": []}}, {"model": "account.user", "fields": {"last_login": null, "is_superuser": false, "first_name": "", "last_name": "", "email": "", "is_staff": false, "is_active": true, "date_joined": "2020-04-06T08:06:37.806Z", "username": "boltnnut@boltnnut.com567834", "type": 1, "password": "pbkdf2_sha256$120000$wDwcneiP1bMF$1sbZvCu7UxWyMdUyNGT7QuBKgBVxM730ZV/BGKPE5v8=", "phone": "010-4322-1482", "groups": [], "user_permissions": []}}, {"model": "account.client", "pk": 5, "fields": {"user": ["6543@naver.co555m"]}}, {"model": "account.client", "pk": 6, "fields": {"user": ["6543@naver.co5555m"]}}, {"model": "account.client", "pk": 7, "fields": {"user": ["6543@naver.co55555m"]}}, {"model": "account.client", "pk": 8, "fields": {"user": ["6543@naver.co555555m"]}}, {"model": "account.client", "pk": 9, "fields": {"user": ["6543@naver.co5555555m"]}}, {"model": "account.client", "pk": 10, "fields": {"user": ["6543@naver.co55555555m"]}}, {"model": "account.client", "pk": 11, "fields": {"user": ["6543@naver.co555555555m"]}}, {"model": "account.client", "pk": 12, "fields": {"user": ["6543@naver.co5555555555m"]}}, {"model": "account.partner", "pk": 2, "fields": {"user": ["boltnnut@boltnnut.3444344"], "name": "(\uc8fc)\ubcfc\ud2b8\uc564\ub108\ud2b82", "logo": "partner/2020/3/30/8b5050a5d7ee4511b9f4a09606275ee8_partner.png", "city": null, "region": null, "career": "4", "employee": "9", "revenue": "15", "info_company": "\uc548\ub155\ud558\uc138\uc694. \ubcfc\ud2b8\uc564\ub108\ud2b8\ub294 2018\ub144 11\uc6d4 \uc124\ub9bd\ub41c \uc81c\uc870 \uc804\ubb38\uac00 \ud050\ub808\uc774\uc158 \ud50c\ub7ab\ud3fc\uc785\ub2c8\ub2e4.", "info_biz": "\uc2dc\uc81c\ud488 \uc81c\uc791, \uc81c\uc870 \uc6a9\uc5ed, \uc911\uac1c\uc11c\ube44\uc2a4", "history": null, "deal": "SK \ub124\ud2b8\uc6cd\uc2a4, LG \ub514\uc2a4\ud50c\ub808\uc774, \ud55c\uad6d\uc218\uc790\uc6d0\uacf5\uc0ac", "coin": 0, "file": "partner/2020/3/30/274592d0334543ec8d120a65e978e993_partner.gsheet", "avg_score": "0.00", "category_middle": [1, 2], "possible_set": [5], "history_set": []}}, {"model": "account.partner", "pk": 3, "fields": {"user": ["boltnnut@boltnnut.34443444"], "name": "(\uc8fc)\ubcfc\ud2b8\uc564\ub108\ud2b82", "logo": "partner/2020/3/30/b1a4a3e6a9e44a1ea0a71b8b1ba67564_partner.png", "city": 1, "region": 1, "career": "4", "employee": "9", "revenue": "15", "info_company": "\uc548\ub155\ud558\uc138\uc694. \ubcfc\ud2b8\uc564\ub108\ud2b8\ub294 2018\ub144 11\uc6d4 \uc124\ub9bd\ub41c \uc81c\uc870 \uc804\ubb38\uac00 \ud050\ub808\uc774\uc158 \ud50c\ub7ab\ud3fc\uc785\ub2c8\ub2e4.", "info_biz": "\uc2dc\uc81c\ud488 \uc81c\uc791, \uc81c\uc870 \uc6a9\uc5ed, \uc911\uac1c\uc11c\ube44\uc2a4", "history": null, "deal": "SK \ub124\ud2b8\uc6cd\uc2a4, LG \ub514\uc2a4\ud50c\ub808\uc774, \ud55c\uad6d\uc218\uc790\uc6d0\uacf5\uc0ac", "coin": 0, "file": "partner/2020/3/30/385eb4431f8240e4861ff7e276a66068_partner.gsheet", "avg_score": "3.00", "category_middle": [1, 2], "possible_set": [5], "history_set": []}}, {"model": "account.partner", "pk": 4, "fields": {"user": ["boltnnut@boltnnut.com"], "name": "(\uc8fc)\ubcfc\ud2b8\uc564\ub108\ud2b82", "logo": "partner/2020/3/30/e55fb4118ac946e5bb1142660740c962_partner.png", "city": 1, "region": 1, "career": "4", "employee": "9", "revenue": "15", "info_company": "\uc548\ub155\ud558\uc138\uc694. \ubcfc\ud2b8\uc564\ub108\ud2b8\ub294 2018\ub144 11\uc6d4 \uc124\ub9bd\ub41c \uc81c\uc870 \uc804\ubb38\uac00 \ud050\ub808\uc774\uc158 \ud50c\ub7ab\ud3fc\uc785\ub2c8\ub2e4.", "info_biz": "\uc2dc\uc81c\ud488 \uc81c\uc791, \uc81c\uc870 \uc6a9\uc5ed, \uc911\uac1c\uc11c\ube44\uc2a4", "history": "", "deal": "SK \ub124\ud2b8\uc6cd\uc2a4, LG \ub514\uc2a4\ud50c\ub808\uc774, \ud55c\uad6d\uc218\uc790\uc6d0\uacf5\uc0ac", "coin": -7, "file": "partner/2020/3/30/d7639169558c4162be218fd1560f9b4a_partner.gsheet", "avg_score": "3.20", "category_middle": [1, 2], "possible_set": [5, 7], "history_set": [7]}}, {"model": "account.partner", "pk": 5, "fields": {"user": ["boltnnut@boltnnut.com2334"], "name": "(\uc8fc)\ubcfc\ud2b8\uc564\ub108\ud2b82", "logo": "partner/2020/3/31/1bc042bbd0734803b746c1878c3c224e_partner.png", "city": 1, "region": 1, "career": "4", "employee": "9", "revenue": "15", "info_company": "\uc548\ub155\ud558\uc138\uc694. \ubcfc\ud2b8\uc564\ub108\ud2b8\ub294 2018\ub144 11\uc6d4 \uc124\ub9bd\ub41c \uc81c\uc870 \uc804\ubb38\uac00 \ud050\ub808\uc774\uc158 \ud50c\ub7ab\ud3fc\uc785\ub2c8\ub2e4.", "info_biz": "\uc2dc\uc81c\ud488 \uc81c\uc791, \uc81c\uc870 \uc6a9\uc5ed, \uc911\uac1c\uc11c\ube44\uc2a4", "history": "", "deal": "SK \ub124\ud2b8\uc6cd\uc2a4, LG \ub514\uc2a4\ud50c\ub808\uc774, \ud55c\uad6d\uc218\uc790\uc6d0\uacf5\uc0ac", "coin": 0, "file": "partner/2020/3/31/882f87dafe894759b3cc0cccbd984dbe_partner.gsheet", "avg_score": "0.00", "category_middle": [1, 2], "possible_set": [5, 6, 7, 8], "history_set": [6, 7, 8]}}, {"model": "account.partner", "pk": 6, "fields": {"user": ["boltnnut@boltnnut.com23344"], "name": "(\uc8fc)\ubcfc\ud2b8\uc564\ub108\ud2b82", "logo": "partner/2020/4/2/88e4a954f19240d6afc23cb63f3ae160_partner.png", "city": 1, "region": 1, "career": "4", "employee": "9", "revenue": "15", "info_company": "\uc548\ub155\ud558\uc138\uc694. \ubcfc\ud2b8\uc564\ub108\ud2b8\ub294 2018\ub144 11\uc6d4 \uc124\ub9bd\ub41c \uc81c\uc870 \uc804\ubb38\uac00 \ud050\ub808\uc774\uc158 \ud50c\ub7ab\ud3fc\uc785\ub2c8\ub2e4.", "info_biz": "\uc2dc\uc81c\ud488 \uc81c\uc791, \uc81c\uc870 \uc6a9\uc5ed, \uc911\uac1c\uc11c\ube44\uc2a4", "history": null, "deal": "SK \ub124\ud2b8\uc6cd\uc2a4, LG \ub514\uc2a4\ud50c\ub808\uc774, \ud55c\uad6d\uc218\uc790\uc6d0\uacf5\uc0ac", "coin": 0, "file": "partner/2020/4/2/7353b2adc7e44cd1b39fe2be10eefa14_partner.gsheet", "avg_score": "0.00", "category_middle": [1, 2], "possible_set": [5, 6, 7], "history_set": [6, 7, 8]}}, {"model": "account.partner", "pk": 7, "fields": {"user": ["boltnnut@boltnnut.com233444"], "name": "(\uc8fc)\ubcfc\ud2b8\uc564\ub108\ud2b82", "logo": "partner/2020/4/2/8df934df795542ed965576a4a85db637_partner.png", "city": 1, "region": 1, "career": "4", "employee": "9", "revenue": "15", "info_company": "\uc548\ub155\ud558\uc138\uc694. \ubcfc\ud2b8\uc564\ub108\ud2b8\ub294 2018\ub144 11\uc6d4 \uc124\ub9bd\ub41c \uc81c\uc870 \uc804\ubb38\uac00 \ud050\ub808\uc774\uc158 \ud50c\ub7ab\ud3fc\uc785\ub2c8\ub2e4.", "info_biz": "\uc2dc\uc81c\ud488 \uc81c\uc791, \uc81c\uc870 \uc6a9\uc5ed, \uc911\uac1c\uc11c\ube44\uc2a4", "history": null, "deal": "SK \ub124\ud2b8\uc6cd\uc2a4, LG \ub514\uc2a4\ud50c\ub808\uc774, \ud55c\uad6d\uc218\uc790\uc6d0\uacf5\uc0ac", "coin": 0, "file": "partner/2020/4/2/0ccd2d520edd4f5eb2cd952dd3687304_partner.gsheet", "avg_score": "0.00", "category_middle": [1, 2], "possible_set": [5, 6, 7], "history_set": [6, 7, 8]}}, {"model": "account.partner", "pk": 8, "fields": {"user": ["boltnnut@boltnnut.com2334444"], "name": "(\uc8fc)\ubcfc\ud2b8\uc564\ub108\ud2b82", "logo": "partner/2020/4/5/008b70cdcd1d452c8ae081b8fd4da703_partner.png", "city": 1, "region": 1, "career": "4", "employee": "9", "revenue": "15", "info_company": "\uc548\ub155\ud558\uc138\uc694. \ubcfc\ud2b8\uc564\ub108\ud2b8\ub294 2018\ub144 11\uc6d4 \uc124\ub9bd\ub41c \uc81c\uc870 \uc804\ubb38\uac00 \ud050\ub808\uc774\uc158 \ud50c\ub7ab\ud3fc\uc785\ub2c8\ub2e4.", "info_biz": "\uc2dc\uc81c\ud488 \uc81c\uc791, \uc81c\uc870 \uc6a9\uc5ed, \uc911\uac1c\uc11c\ube44\uc2a4", "history": null, "deal": "SK \ub124\ud2b8\uc6cd\uc2a4, LG \ub514\uc2a4\ud50c\ub808\uc774, \ud55c\uad6d\uc218\uc790\uc6d0\uacf5\uc0ac", "coin": 0, "file": "partner/2020/4/5/1f21c49bd90748bf89580913537931e4_partner.gsheet", "avg_score": "0.00", "category_middle": [1, 2], "possible_set": [5, 6, 7], "history_set": [6, 7, 8]}}, {"model": "account.partner", "pk": 9, "fields": {"user": ["boltnnut@boltnnut.com56"], "name": "(\uc8fc)\ubcfc\ud2b8\uc564\ub108\ud2b82", "logo": "partner/2020/4/6/f913e4c178c342988b49d0bf8cea74ff_partner.png", "city": 1, "region": 1, "career": "4", "employee": "9", "revenue": "15", "info_company": "\uc548\ub155\ud558\uc138\uc694. \ubcfc\ud2b8\uc564\ub108\ud2b8\ub294 2018\ub144 11\uc6d4 \uc124\ub9bd\ub41c \uc81c\uc870 \uc804\ubb38\uac00 \ud050\ub808\uc774\uc158 \ud50c\ub7ab\ud3fc\uc785\ub2c8\ub2e4.", "info_biz": "\uc2dc\uc81c\ud488 \uc81c\uc791, \uc81c\uc870 \uc6a9\uc5ed, \uc911\uac1c\uc11c\ube44\uc2a4", "history": null, "deal": "SK \ub124\ud2b8\uc6cd\uc2a4, LG \ub514\uc2a4\ud50c\ub808\uc774, \ud55c\uad6d\uc218\uc790\uc6d0\uacf5\uc0ac", "coin": 0, "file": "partner/2020/4/6/dc582bdd42094ea3b2c2a13d36185321_partner.gsheet", "avg_score": "0.00", "category_middle": [1, 2], "possible_set": [5, 6, 7], "history_set": [6, 7, 8]}}, {"model": "account.partner", "pk": 10, "fields": {"user": ["boltnnut@boltnnut.com567"], "name": "(\uc8fc)\ubcfc\ud2b8\uc564\ub108\ud2b82", "logo": "partner/2020/4/6/79dbe800b8ea497eafd70591187b4f71_partner.png", "city": 1, "region": 1, "career": "4", "employee": "9", "revenue": "15", "info_company": "\uc548\ub155\ud558\uc138\uc694. \ubcfc\ud2b8\uc564\ub108\ud2b8\ub294 2018\ub144 11\uc6d4 \uc124\ub9bd\ub41c \uc81c\uc870 \uc804\ubb38\uac00 \ud050\ub808\uc774\uc158 \ud50c\ub7ab\ud3fc\uc785\ub2c8\ub2e4.", "info_biz": "\uc2dc\uc81c\ud488 \uc81c\uc791, \uc81c\uc870 \uc6a9\uc5ed, \uc911\uac1c\uc11c\ube44\uc2a4", "history": null, "deal": "SK \ub124\ud2b8\uc6cd\uc2a4, LG \ub514\uc2a4\ud50c\ub808\uc774, \ud55c\uad6d\uc218\uc790\uc6d0\uacf5\uc0ac", "coin": 0, "file": "partner/2020/4/6/e98c3e7c796c4304bc085ed975235230_partner.gsheet", "avg_score": "0.00", "category_middle": [1, 2], "possible_set": [5, 6, 7], "history_set": [6, 7, 8]}}, {"model": "account.partner", "pk": 11, "fields": {"user": ["boltnnut@boltnnut.com5678"], "name": "(\uc8fc)\ubcfc\ud2b8\uc564\ub108\ud2b82", "logo": "partner/2020/4/6/6c33bae0f5b14d20b673a27512fa0237_partner.png", "city": 1, "region": 1, "career": "4", "employee": "9", "revenue": "15", "info_company": "\uc548\ub155\ud558\uc138\uc694. \ubcfc\ud2b8\uc564\ub108\ud2b8\ub294 2018\ub144 11\uc6d4 \uc124\ub9bd\ub41c \uc81c\uc870 \uc804\ubb38\uac00 \ud050\ub808\uc774\uc158 \ud50c\ub7ab\ud3fc\uc785\ub2c8\ub2e4.", "info_biz": "\uc2dc\uc81c\ud488 \uc81c\uc791, \uc81c\uc870 \uc6a9\uc5ed, \uc911\uac1c\uc11c\ube44\uc2a4", "history": null, "deal": "SK \ub124\ud2b8\uc6cd\uc2a4, LG \ub514\uc2a4\ud50c\ub808\uc774, \ud55c\uad6d\uc218\uc790\uc6d0\uacf5\uc0ac", "coin": 0, "file": "partner/2020/4/6/fbc09f5558d44e36b08ff56b143fbc83_partner.gsheet", "avg_score": "0.00", "category_middle": [1, 2], "possible_set": [5, 6, 7], "history_set": [6, 7, 8]}}, {"model": "account.partner", "pk": 12, "fields": {"user": ["boltnnut@boltnnut.com56783"], "name": "(\uc8fc)\ubcfc\ud2b8\uc564\ub108\ud2b82", "logo": "partner/2020/4/6/8bc6700e433a4a34a862c53af28ec6d7_partner.png", "city": 1, "region": 1, "career": "4", "employee": "9", "revenue": "15", "info_company": "\uc548\ub155\ud558\uc138\uc694. \ubcfc\ud2b8\uc564\ub108\ud2b8\ub294 2018\ub144 11\uc6d4 \uc124\ub9bd\ub41c \uc81c\uc870 \uc804\ubb38\uac00 \ud050\ub808\uc774\uc158 \ud50c\ub7ab\ud3fc\uc785\ub2c8\ub2e4.", "info_biz": "\uc2dc\uc81c\ud488 \uc81c\uc791, \uc81c\uc870 \uc6a9\uc5ed, \uc911\uac1c\uc11c\ube44\uc2a4", "history": null, "deal": "SK \ub124\ud2b8\uc6cd\uc2a4, LG \ub514\uc2a4\ud50c\ub808\uc774, \ud55c\uad6d\uc218\uc790\uc6d0\uacf5\uc0ac", "coin": 0, "file": "partner/2020/4/6/b635aef4d9684e639f4ce697b891a72f_partner.gsheet", "avg_score": "0.00", "category_middle": [1, 2], "possible_set": [5, 6, 7], "history_set": [6, 7, 8]}}, {"model": "account.partner", "pk": 13, "fields": {"user": ["boltnnut@boltnnut.com567834"], "name": "(\uc8fc)\ubcfc\ud2b8\uc564\ub108\ud2b82", "logo": "partner/2020/4/6/86d7cb913a964de8b31b1daa18ee5853_partner.png", "city": 1, "region": 1, "career": "4", "employee": "9", "revenue": "15", "info_company": "\uc548\ub155\ud558\uc138\uc694. \ubcfc\ud2b8\uc564\ub108\ud2b8\ub294 2018\ub144 11\uc6d4 \uc124\ub9bd\ub41c \uc81c\uc870 \uc804\ubb38\uac00 \ud050\ub808\uc774\uc158 \ud50c\ub7ab\ud3fc\uc785\ub2c8\ub2e4.", "info_biz": "\uc2dc\uc81c\ud488 \uc81c\uc791, \uc81c\uc870 \uc6a9\uc5ed, \uc911\uac1c\uc11c\ube44\uc2a4", "history": null, "deal": "SK \ub124\ud2b8\uc6cd\uc2a4, LG \ub514\uc2a4\ud50c\ub808\uc774, \ud55c\uad6d\uc218\uc790\uc6d0\uacf5\uc0ac", "coin": 0, "file": "partner/2020/4/6/4618f3a175ad4c0b86fb045fa27afab4_partner.gsheet", "avg_score": "0.00", "category_middle": [1, 2], "possible_set": [5, 6, 7], "history_set": [6, 7, 8]}}, {"model": "category.maincategory", "pk": 1, "fields": {"maincategory": "\uc790\ub3d9\ucc28\uc6a9\ud488", "big_img": "maincategory/2020/3/15/823ff5aef26e474d8263a95844f96cb4_maincategory.png"}}, {"model": "category.maincategory", "pk": 2, "fields": {"maincategory": "\ubc18\ub824\ub3d9\ubb3c\uc6a9\ud488", "big_img": "maincategory/2020/3/17/21594882611f4fffa88db8646b091ceb_maincategory.png"}}, {"model": "category.maincategory", "pk": 3, "fields": {"maincategory": "\uc0b0\uc5c5\uc7a5\ube44 \ubc0f \ubd80\ud488", "big_img": "maincategory/2020/3/17/201f842c7a584dd4aeef42b9d9570cd0_maincategory.png"}}, {"model": "category.maincategory", "pk": 4, "fields": {"maincategory": "\uc758\ub8cc\uc6a9\ud488", "big_img": "maincategory/2020/3/20/7d1c596f984a4f62ae77dba531c18225_maincategory.jpg"}}, {"model": "category.maincategory", "pk": 5, "fields": {"maincategory": "\uc8fc\ubc29\uc6a9\ud488", "big_img": "maincategory/2020/3/20/87dcbc5a34fa4bebac6e1fcb7e25dc48_maincategory.jpg"}}, {"model": "category.maincategory", "pk": 6, "fields": {"maincategory": "\uc0dd\ud65c\uc6a9\ud488", "big_img": "maincategory/2020/3/20/b445203cf8b54b8cbe76bbbcbcc1ae8b_maincategory.jpg"}}, {"model": "category.maincategory", "pk": 7, "fields": {"maincategory": "\uc720\uc544\uc6a9\ud488", "big_img": "maincategory/2020/3/20/ce8dd0f87c314cca91ea07a4031e26e5_maincategory.jpg"}}, {"model": "category.maincategory", "pk": 8, "fields": {"maincategory": "\ud648/\ub370\ucf54", "big_img": "maincategory/2020/3/20/477da7988c174eb981660a4492f9f95a_maincategory.jpg"}}, {"model": "category.maincategory", "pk": 9, "fields": {"maincategory": "\uac00\uc804/\ub514\uc9c0\ud138", "big_img": "maincategory/2020/3/20/83371ab2ff994687ae43c517e5a9d104_maincategory.jpg"}}, {"model": "category.maincategory", "pk": 10, "fields": {"maincategory": "\uc2a4\ud3ec\uce20", "big_img": "maincategory/2020/3/20/0e06bae688b44e2f80b449f58d3a88d0_maincategory.jpg"}}, {"model": "category.category", "pk": 1, "fields": {"maincategory": 1, "category": "\ucc28\ub7c9\uc6a9 \ub514\uc9c0\ud138", "middle_img": "category/2020/3/20/784ec8cdd77742bca070287ba3534af4_category.jpg"}}, {"model": "category.category", "pk": 2, "fields": {"maincategory": 2, "category": "\uace0\uc591\uc774 \uc6a9\ud488", "middle_img": "category/2020/3/20/53f4f24fc1684d07a87272e61cbb8d8e_category.jpg"}}, {"model": "category.category", "pk": 3, "fields": {"maincategory": 1, "category": "\uc790\ub3d9\ucc28 \uad00\ub9ac\uc6a9\ud488", "middle_img": "category/2020/3/20/b3e45b78bd6f4e0ca1a326d15f38e8d8_category.jpg"}}, {"model": "category.category", "pk": 4, "fields": {"maincategory": 1, "category": "\uc790\ub3d9\ucc28 \uc2e4\ub0b4\uc6a9\ud488", "middle_img": "category/2020/3/20/1749c43ca89d49088a69c10c0c6c99fd_category.jpg"}}, {"model": "category.category", "pk": 5, "fields": {"maincategory": 1, "category": "\ud0c0\uc774\uc5b4 \uc2e4\uc678\uc6a9\ud488", "middle_img": "category/2020/3/20/23bf2da20cf04ce0a982275a26efce6d_category.jpg"}}, {"model": "category.category", "pk": 6, "fields": {"maincategory": 2, "category": "\uac15\uc544\uc9c0 \uc6a9\ud488", "middle_img": "category/2020/3/20/e45aced28c344cf2a411aec40aaa3310_category.jpg"}}, {"model": "category.category", "pk": 7, "fields": {"maincategory": 2, "category": "\uad00\uc0c1\uc5b4/\uc18c\ub3d9\ubb3c", "middle_img": "category/2020/3/20/d4e99a6f2a124441b4c1fc03e762e08f_category.jpg"}}, {"model": "category.category", "pk": 8, "fields": {"maincategory": 3, "category": "\uae08\uc18d\uac00\uacf5\uc81c\ud488", "middle_img": "category/2020/3/20/67be4faecec04697bbcd664b63c927cd_category.jpg"}}, {"model": "category.category", "pk": 9, "fields": {"maincategory": 4, "category": "\ub9c8\uc2a4\ud06c/\ubc29\ud55c\ub300", "middle_img": "category/2020/3/20/4cf3cdd82e5d48c8af7bd3eebf394afb_category.jpg"}}, {"model": "category.category", "pk": 10, "fields": {"maincategory": 4, "category": "\ubcf4\ud638\ub300/\uad50\uc815\uc6a9\ud488", "middle_img": "category/2020/3/20/bcf64f108d23419fa253233b71938bf4_category.jpg"}}, {"model": "category.category", "pk": 11, "fields": {"maincategory": 4, "category": "\uac74\uac15\uce21\uc815\uc6a9\ud488", "middle_img": "category/2020/3/20/739a51a26a7f4815926163b59627e713_category.jpg"}}, {"model": "category.category", "pk": 12, "fields": {"maincategory": 4, "category": "\uc9c0\uc555/\ub9c8\uc0ac\uc9c0\uc6a9\ud488", "middle_img": "category/2020/3/20/10ba8e29d71d4c1790f693b7bece5050_category.jpg"}}, {"model": "category.category", "pk": 13, "fields": {"maincategory": 4, "category": "\ud638\ud761/\uc218\uba74\uac74\uac15", "middle_img": "category/2020/3/20/915fc7fa4cc945d0b5ae7f9e7fbc1007_category.jpg"}}, {"model": "category.category", "pk": 14, "fields": {"maincategory": 4, "category": "\ud65c\ub3d9\ubcf4\uc870\uc6a9\ud488", "middle_img": "category/2020/3/20/efaf505ba2764cf78c4657bf8e929a88_category.jpg"}}, {"model": "category.category", "pk": 15, "fields": {"maincategory": 4, "category": "\uac74\uac15\uc561\uc138\uc11c\ub9ac", "middle_img": "category/2020/3/20/7affd90a39ee4af78ff859c0e00ca43a_category.jpg"}}, {"model": "category.category", "pk": 16, "fields": {"maincategory": 4, "category": "\uac00\uc815\uc758\ub8cc\uc6a9\ud488", "middle_img": "category/2020/3/20/4d4a657c5ae84976b65dc5a767d6e0f2_category.jpg"}}, {"model": "category.category", "pk": 17, "fields": {"maincategory": 4, "category": "\uc804\ubb38\uc758\ub8cc\uc6a9\ud488", "middle_img": "category/2020/3/20/551df322c6ff4b9891ac601a6a06f209_category.jpg"}}, {"model": "category.category", "pk": 18, "fields": {"maincategory": 5, "category": "\uc8fc\ubc29\uac00\uc804", "middle_img": "category/2020/3/20/56cd944df92f44599bc6d3ece3d0d0f5_category.jpg"}}, {"model": "category.category", "pk": 19, "fields": {"maincategory": 6, "category": "\ubc29\ud55c\uc6a9\ud488", "middle_img": "category/2020/3/20/b8369493dbd14267af796ad40b9efd62_category.jpg"}}, {"model": "category.category", "pk": 20, "fields": {"maincategory": 6, "category": "\uc695\uc2e4\uc6a9\ud488", "middle_img": "category/2020/3/20/b0a203daa20f4004b36c41c4484c9c6b_category.jpg"}}, {"model": "category.category", "pk": 21, "fields": {"maincategory": 6, "category": "\uc218\ub0a9/\uc815\ub9ac", "middle_img": "category/2020/3/20/b772b4ce516b440dadddfa6875f33ef8_category.jpg"}}, {"model": "category.category", "pk": 22, "fields": {"maincategory": 6, "category": "\uc0dd\ud65c\uc7a1\ud654", "middle_img": "category/2020/3/20/5ade58e8202b4086a466b585bd1fdc74_category.jpg"}}, {"model": "category.category", "pk": 23, "fields": {"maincategory": 6, "category": "\uacf5\uad6c/\ucca0\ubb3c/DIY\uc6a9\ud488", "middle_img": "category/2020/3/20/93428f586dbc42f9991fa7d5b1c66903_category.jpg"}}, {"model": "category.category", "pk": 24, "fields": {"maincategory": 7, "category": "\uc218\uc720/\uc774\uc720\uc6a9\ud488", "middle_img": "category/2020/3/20/a3582bc28c3c4729862146f27ebd1f3c_category.jpg"}}, {"model": "category.category", "pk": 25, "fields": {"maincategory": 7, "category": "\uc678\ucd9c\uc6a9\ud488", "middle_img": "category/2020/3/20/a60f56b3ab724621ad61ec01923d0e23_category.jpg"}}, {"model": "category.category", "pk": 26, "fields": {"maincategory": 7, "category": "\uc548\uc804/\uc2e4\ub0b4\uc6a9\ud488", "middle_img": "category/2020/3/20/a4c8b1e509e34ed2a1847d19b18ba28b_category.jpg"}}, {"model": "category.category", "pk": 27, "fields": {"maincategory": 7, "category": "\uc644\uad6c/\uad50\uad6c", "middle_img": "category/2020/3/20/c77f337cfb9546a8bda9d579de48d4cf_category.jpg"}}, {"model": "category.category", "pk": 28, "fields": {"maincategory": 7, "category": "\uc720\uc544\ub3d9\uc7a1\ud654", "middle_img": "category/2020/3/20/58e197387c744da880d7d029931086a1_category.jpg"}}, {"model": "category.category", "pk": 29, "fields": {"maincategory": 7, "category": "\uc784\ubd80/\ud0dc\uad50\uc6a9\ud488", "middle_img": "category/2020/3/20/120106bb3ba04e5c98449fadad807aaa_category.jpg"}}, {"model": "category.category", "pk": 30, "fields": {"maincategory": 8, "category": "\uc778\ud14c\ub9ac\uc5b4\uc18c\ud488", "middle_img": "category/2020/3/20/0fc0a98aa5594d1f95303d37ebca626f_category.jpg"}}, {"model": "category.category", "pk": 31, "fields": {"maincategory": 8, "category": "\uc870\uba85/\uc2a4\ud0e0\ub4dc", "middle_img": "category/2020/3/20/13bc3a6d789144e28609aeeb00af4a00_category.jpg"}}, {"model": "category.category", "pk": 32, "fields": {"maincategory": 9, "category": "\ucef4\ud4e8\ud130", "middle_img": "category/2020/3/20/bf8a84fa162648f8a31a1d3ab93c45c1_category.jpg"}}, {"model": "category.category", "pk": 33, "fields": {"maincategory": 9, "category": "\ud734\ub300\ud3f0/\uc5d1\uc138\uc11c\ub9ac", "middle_img": "category/2020/3/20/bb47ee2bc7954552bfbc70a54c4ab1a3_category.jpg"}}, {"model": "category.category", "pk": 34, "fields": {"maincategory": 9, "category": "\uc74c\ud5a5\uae30\uae30", "middle_img": "category/2020/3/20/88750a6915af44f282737dbfc1b6e840_category.jpg"}}, {"model": "category.category", "pk": 35, "fields": {"maincategory": 9, "category": "\uce74\uba54\ub77c", "middle_img": "category/2020/3/20/1db6f0d635624925a4f0fc95737d6d21_category.jpg"}}, {"model": "category.category", "pk": 36, "fields": {"maincategory": 9, "category": "\uacc4\uc808\uac00\uc804", "middle_img": "category/2020/3/20/b9d1c7c1a81b450ba0494e37f9547cc2_category.jpg"}}, {"model": "category.category", "pk": 37, "fields": {"maincategory": 9, "category": "TV/\uc601\uc0c1\uac00\uc804", "middle_img": "category/2020/3/20/8c9cb0439817470ba60a639e60c59415_category.jpg"}}, {"model": "category.category", "pk": 38, "fields": {"maincategory": 9, "category": "\uccad\uc18c\uae30", "middle_img": "category/2020/3/20/db68eb08baae4f0aab633db865d28b38_category.jpg"}}, {"model": "category.category", "pk": 39, "fields": {"maincategory": 9, "category": "\uc138\ud0c1\uae30/\uc0dd\ud65c\uac00\uc804", "middle_img": "category/2020/3/20/df38bc2dda6c4464bd291bab007e2fa6_category.jpg"}}, {"model": "category.category", "pk": 40, "fields": {"maincategory": 9, "category": "\ubbf8\uc6a9\uac00\uc804", "middle_img": "category/2020/3/20/a68110ca609f49a4a9b49dd05a860e28_category.jpg"}}, {"model": "category.category", "pk": 41, "fields": {"maincategory": 9, "category": "\ub0c9\uc7a5\uace0", "middle_img": "category/2020/3/20/e666d7234dfa44b98d30c6d001247bb3_category.jpg"}}, {"model": "category.category", "pk": 42, "fields": {"maincategory": 10, "category": "\uc2a4\ud3ec\uce20\uc7a1\ud654", "middle_img": "category/2020/3/20/7aada06e29c24f6283131faa154e7fca_category.jpg"}}, {"model": "category.category", "pk": 43, "fields": {"maincategory": 10, "category": "\ucea0\ud551\uc6a9\ud488", "middle_img": "category/2020/3/20/4bef615424d24cf9954acb157b6862a7_category.jpg"}}, {"model": "category.category", "pk": 44, "fields": {"maincategory": 10, "category": "\ub4f1\uc0b0/\uc544\uc6c3\ub3c4\uc5b4\uc6a9\ud488", "middle_img": "category/2020/3/20/5180b21f426b45bcb3a9000655b0f172_category.jpg"}}, {"model": "category.category", "pk": 45, "fields": {"maincategory": 10, "category": "\uace8\ud504", "middle_img": "category/2020/3/20/624e695e89fe4b0fa94915d54fac2bdc_category.jpg"}}, {"model": "category.category", "pk": 46, "fields": {"maincategory": 10, "category": "\uc218\uc601/\uc218\uc0c1\ub808\ud3ec\uce20", "middle_img": "category/2020/3/20/dcaabf9a64234b2ebf33eb5957b3f2cf_category.jpg"}}, {"model": "category.category", "pk": 47, "fields": {"maincategory": 10, "category": "\uc790\uc804\uac70/\ud0a5\ubcf4\ub4dc/\uc778\ub77c\uc778", "middle_img": "category/2020/3/20/41da773fe0de475e81766f8be1259af1_category.jpg"}}, {"model": "category.category", "pk": 48, "fields": {"maincategory": 10, "category": "\ud5ec\uc2a4\uc6a9\ud488", "middle_img": "category/2020/3/20/41c08ecc1d3b429692d41a7cf1821d48_category.jpg"}}, {"model": "category.category", "pk": 49, "fields": {"maincategory": 10, "category": "\uc2a4\ud0a4/\ubcf4\ub4dc/\ube59\uc0c1", "middle_img": "category/2020/3/20/8c10c4ea02af4662879427b08127adc5_category.jpg"}}, {"model": "category.category", "pk": 50, "fields": {"maincategory": 10, "category": "\uad6c\uae30/\ub77c\ucf13/\uae30\ud0c0\uc2a4\ud3ec\uce20", "middle_img": "category/2020/3/20/dc6ba7eeffe040a9b2fb61691306ccba_category.jpg"}}, {"model": "category.category", "pk": 51, "fields": {"maincategory": 3, "category": "\uc77c\ubc18\uae30\uacc4 \ubc0f \ubd80\ud488", "middle_img": "category/2020/3/20/62b7ad197c28442fa6ac7c3bdc7ab32a_category.jpg"}}, {"model": "category.category", "pk": 52, "fields": {"maincategory": 3, "category": "\uc804\uc790\uc7a5\ube44 \ubc0f \ubd80\ud488", "middle_img": "category/2020/3/20/dd0049ec28ba45e2a4b466e68d705d53_category.jpg"}}, {"model": "category.category", "pk": 53, "fields": {"maincategory": 3, "category": "\uc804\uc790\ubd80\ud488", "middle_img": "category/2020/3/20/be6b6412d3504192b12d5100d7994215_category.jpg"}}, {"model": "category.category", "pk": 54, "fields": {"maincategory": 3, "category": "\uc815\ubc00\uae30\uae30\ubd80\ud488", "middle_img": "category/2020/3/20/7a7c38fe86a44dac93c5446b2ef55e9d_category.jpg"}}, {"model": "category.category", "pk": 55, "fields": {"maincategory": 3, "category": "\uc218\uc1a1\uae30\uacc4\ubd80\ud488", "middle_img": "category/2020/3/20/b7edebeb8e1b489a96a7b6722c524047_category.jpg"}}, {"model": "category.category", "pk": 56, "fields": {"maincategory": 5, "category": "\uadf8\ub987/\ud648\uc138\ud2b8", "middle_img": "category/2020/3/20/d840a452e317467b8216239432432479_category.jpg"}}, {"model": "category.category", "pk": 57, "fields": {"maincategory": 5, "category": "\ucef5/\uc794/\ud140\ube14\ub7ec", "middle_img": "category/2020/3/20/0e32c37348354a7cabcd30b334413a1a_category.jpg"}}, {"model": "category.category", "pk": 58, "fields": {"maincategory": 5, "category": "\ubc00\ud3d0\uc800\uc7a5/\ub3c4\uc2dc\ub77d", "middle_img": "category/2020/3/20/321fcd2e10cc4d56b68c272bc0443382_category.jpg"}}, {"model": "category.category", "pk": 59, "fields": {"maincategory": 5, "category": "\ubcf4\uc628/\ubcf4\ub0c9\uc6a9\ud488", "middle_img": "category/2020/3/20/0bbc1021b53c469c99a2a10df6548e0c_category.jpg"}}, {"model": "category.category", "pk": 60, "fields": {"maincategory": 5, "category": "\uc774\uc720/\uc720\uc544\uc2dd\uae30", "middle_img": "category/2020/3/20/bca1fab0d0524ec4830f6cc724d38b9a_category.jpg"}}, {"model": "category.category", "pk": 61, "fields": {"maincategory": 5, "category": "\uc8fc\ubc29\uc218\ub0a9/\uc815\ub9ac", "middle_img": "category/2020/3/20/592296adbd874aa69daf13c7c5e4dcc6_category.jpg"}}, {"model": "category.category", "pk": 62, "fields": {"maincategory": 5, "category": "\uc8fc\ubc29\uc870\ub9ac\ub3c4\uad6c", "middle_img": "category/2020/3/20/bd5d264876524225bac8742fc0312911_category.jpg"}}, {"model": "category.category", "pk": 63, "fields": {"maincategory": 5, "category": "\ubca0\uc774\ud0b9\uc6a9\ud488", "middle_img": "category/2020/3/20/dc72fec941b142478592e53ad5ab6b36_category.jpg"}}, {"model": "category.category", "pk": 64, "fields": {"maincategory": 5, "category": "\ucea0\ud551\uc8fc\ubc29\uc6a9\ud488", "middle_img": "category/2020/3/20/4a6dbfe04b6b47c98abe4d25ef20d1cc_category.jpg"}}, {"model": "category.category", "pk": 65, "fields": {"maincategory": 5, "category": "\uc8fc\ubc29\uc7a1\ud654", "middle_img": "category/2020/3/20/6fd154ccfa0349fda16d0cc0802b10d0_category.jpg"}}, {"model": "category.subclass", "pk": 5, "fields": {"maincategory": 1, "category": 1, "subclass": "\ud6c4\ubc29\uce74\uba54\ub77c/\uac10\uc9c0\uae30", "small_img": "subclass/2020/3/31/51fdb08c90634b43b96a3af322ab8066_subclass.jpg"}}, {"model": "category.subclass", "pk": 6, "fields": {"maincategory": 1, "category": 1, "subclass": "\ud558\uc774\ud328\uc2a4", "small_img": "subclass/2020/3/31/884daba42f3b4f8ab35695569ea0004c_subclass.jpg"}}, {"model": "category.subclass", "pk": 7, "fields": {"maincategory": 1, "category": 1, "subclass": "\ube14\ub799\ubc15\uc2a4", "small_img": "subclass/2020/3/31/3b61a72cb2f5400fb6a971840449b587_subclass.jpg"}}, {"model": "category.subclass", "pk": 8, "fields": {"maincategory": 1, "category": 1, "subclass": "\ub0b4\ube44\uac8c\uc774\uc158", "small_img": "subclass/2020/3/31/7253d6f2aac44a1cbd98d34fcea0234d_subclass.jpg"}}, {"model": "category.subclass", "pk": 9, "fields": {"maincategory": 3, "category": 53, "subclass": "\uc804\uc790\uc9c1\ud5d9\ud68c\ub85c(\uba54\ubaa8\ub9ac \ubc0f \uc2dc\uc2a4\ud15c\ubc18\ub3c4\uccb4)", "small_img": "subclass/2020/3/31/78797c775385422aa210909e9d617b8a_subclass.JPG"}}, {"model": "category.subclass", "pk": 10, "fields": {"maincategory": 5, "category": 18, "subclass": "\uc804\uae30\ubc25\uc1a5", "small_img": "subclass/2020/3/31/e539c282b420453ba07130cb049483df_subclass.jpg"}}, {"model": "category.subclass", "pk": 11, "fields": {"maincategory": 5, "category": 18, "subclass": "\uc804\uc790\ub808\uc778\uc9c0", "small_img": "subclass/2020/3/31/7edf9f57350a47d8b3526a8d86a334e5_subclass.jpg"}}, {"model": "category.subclass", "pk": 12, "fields": {"maincategory": 5, "category": 18, "subclass": "\uc624\ube10", "small_img": "subclass/2020/3/31/e705c8f548164f3787d5868bf9ab5fec_subclass.jpg"}}, {"model": "category.subclass", "pk": 13, "fields": {"maincategory": 5, "category": 18, "subclass": "\uac00\uc2a4\ub808\uc778\uc9c0", "small_img": "subclass/2020/3/31/972e60a90e984d0faffa25e4a2674cf1_subclass.jpg"}}, {"model": "category.subclass", "pk": 14, "fields": {"maincategory": 5, "category": 18, "subclass": "\uc804\uae30\ub808\uc778\uc9c0", "small_img": "subclass/2020/3/31/1884aeb18ebe41d1912321cd08513aa7_subclass.jpg"}}, {"model": "category.subclass", "pk": 15, "fields": {"maincategory": 5, "category": 18, "subclass": "\uc2dd\uae30\uc138\ucc99/\uac74\uc870\uae30", "small_img": "subclass/2020/3/31/ce3ce44733f6478daf502a6148f7f25f_subclass.jpg"}}, {"model": "category.subclass", "pk": 16, "fields": {"maincategory": 5, "category": 18, "subclass": "\ubbf9\uc11c\uae30/\ube14\ub80c\ub354", "small_img": "subclass/2020/3/31/f52610745bdb44e9b1d9e6b0e7738fd8_subclass.jpg"}}, {"model": "category.subclass", "pk": 17, "fields": {"maincategory": 5, "category": 18, "subclass": "\ucee4\ud53c\uba54\uc774\ucee4/\uba38\uc2e0", "small_img": "subclass/2020/3/31/743d8f772215445c9a98c8dfba645873_subclass.jpg"}}, {"model": "category.subclass", "pk": 18, "fields": {"maincategory": 5, "category": 18, "subclass": "\ube59\uc218\uae30/\uc81c\ube59\uae30", "small_img": "subclass/2020/3/31/8f2505780b1e47cfa3bc41f5bd822dab_subclass.jpg"}}, {"model": "category.subclass", "pk": 19, "fields": {"maincategory": 5, "category": 18, "subclass": "\uc804\uae30\ud3ec\ud2b8", "small_img": "subclass/2020/3/31/671e41cb07294c598d829d93f12839e4_subclass.jpg"}}, {"model": "category.subclass", "pk": 20, "fields": {"maincategory": 5, "category": 18, "subclass": "\uc5d0\uc5b4\ud504\ub77c\uc774\uc5b4", "small_img": "subclass/2020/3/31/344b0187dfbd4c7eb3b35966088c240d_subclass.png"}}, {"model": "category.subclass", "pk": 21, "fields": {"maincategory": 5, "category": 18, "subclass": "\ud280\uae40\uae30", "small_img": "subclass/2020/3/31/16e3af8e7e8440c78c7c03cdb8db3c9c_subclass.jpg"}}, {"model": "category.subclass", "pk": 22, "fields": {"maincategory": 5, "category": 18, "subclass": "\ud1a0\uc2a4\ud130", "small_img": "subclass/2020/3/31/73ef223c4d3245f68b0dcc6a38b23cb7_subclass.jpg"}}, {"model": "category.subclass", "pk": 23, "fields": {"maincategory": 5, "category": 18, "subclass": "\uc804\uae30\uadf8\ub9b4/\ud32c", "small_img": "subclass/2020/3/31/3022a6ae8add483baf971c3002a670cb_subclass.jpg"}}, {"model": "category.subclass", "pk": 24, "fields": {"maincategory": 5, "category": 18, "subclass": "\uc804\uae30\ucfe0\ucee4", "small_img": "subclass/2020/3/31/55892bb90bec42d2b2558d81c9ce898c_subclass.png"}}, {"model": "category.subclass", "pk": 25, "fields": {"maincategory": 5, "category": 18, "subclass": "\uc57d\ud0d5\uae30/\uc601\uc591\uc2dd\uc81c\uc870", "small_img": "subclass/2020/3/31/34f33ad82a5242b2b01927cdc6fc1bd6_subclass.jpg"}}, {"model": "category.subclass", "pk": 26, "fields": {"maincategory": 5, "category": 18, "subclass": "\uce21\uc815\uacc4\ub7c9/\uae30\ud0c0\uac00\uc804", "small_img": "subclass/2020/3/31/143da28c1c7445e5909751930e074c52_subclass.jpg"}}, {"model": "category.subclass", "pk": 27, "fields": {"maincategory": 5, "category": 18, "subclass": "\uc74c\uc2dd\ubb3c\ucc98\ub9ac\uae30", "small_img": "subclass/2020/3/31/7f8feafb92164b3ab4cc609b3e06fefd_subclass.jpg"}}, {"model": "category.subclass", "pk": 28, "fields": {"maincategory": 5, "category": 18, "subclass": "\ud658\ud48d\uae30/\ub808\uc778\uc9c0\ud6c4\ub4dc", "small_img": "subclass/2020/3/31/342ef5746107407582d6d30481653f11_subclass.jpg"}}, {"model": "category.subclass", "pk": 29, "fields": {"maincategory": 6, "category": 23, "subclass": "\uc804\ub3d9/\uc815\ubc00\uacf5\uad6c", "small_img": "subclass/2020/3/31/5f9dbdc4594e493bb8cd74b8cfbd1b16_subclass.png"}}, {"model": "category.subclass", "pk": 30, "fields": {"maincategory": 6, "category": 23, "subclass": "\uc218\uacf5\uad6c/\uc808\ub2e8\ub3c4\uad6c", "small_img": "subclass/2020/3/31/34d8557413af43bc92a0daee70a8e9a0_subclass.jpg"}}, {"model": "category.subclass", "pk": 31, "fields": {"maincategory": 6, "category": 23, "subclass": "\uacf5\uad6c\ud568", "small_img": "subclass/2020/3/31/01b6625c553e4cac8ae3cd5441b2d7d8_subclass.jpg"}}, {"model": "category.subclass", "pk": 32, "fields": {"maincategory": 6, "category": 23, "subclass": "\uce21\uc815/\uce21\ub7c9\ub3c4\uad6c", "small_img": "subclass/2020/3/31/276cc4f160f3488f9b325e18da306339_subclass.jpg"}}, {"model": "category.subclass", "pk": 33, "fields": {"maincategory": 6, "category": 23, "subclass": "\ubc30\uad00/\uac74\ucd95\uc790\uc7ac", "small_img": "subclass/2020/3/31/5a52994e38d54f2894d2fa5ae089f4f4_subclass.jpg"}}, {"model": "category.subclass", "pk": 34, "fields": {"maincategory": 6, "category": 23, "subclass": "\uc0ac\ub2e4\ub9ac/\uc6b4\ubc18\uc6a9\ud488", "small_img": "subclass/2020/3/31/6848e770de964617a185640e30ee0ddb_subclass.png"}}, {"model": "category.subclass", "pk": 35, "fields": {"maincategory": 6, "category": 23, "subclass": "\ubaa8\ud130/\uc5d0\uc5b4\uacf5\uad6c", "small_img": "subclass/2020/3/31/52aaac198c9f48969875b032b201fdb2_subclass.jpg"}}, {"model": "category.subclass", "pk": 36, "fields": {"maincategory": 6, "category": 23, "subclass": "\ub098\uc0ac/\ubabb/\uccb4\uacb0\ub3c4\uad6c", "small_img": "subclass/2020/3/31/a348168512414c10b482cdd64f9e563f_subclass.jpg"}}, {"model": "category.subclass", "pk": 37, "fields": {"maincategory": 6, "category": 23, "subclass": "\uc811\ucc29/\ubcf4\uc218\uc6a9\ud488", "small_img": "subclass/2020/3/31/ff9006ec200f43dbabcd772f6d49ef7a_subclass.jpg"}}, {"model": "category.subclass", "pk": 38, "fields": {"maincategory": 6, "category": 23, "subclass": "\ud1a0\uce58/\uc6a9\uc811\uacf5\uad6c", "small_img": "subclass/2020/3/31/8ccdca3586e843579e1dfbab43decd7c_subclass.jpg"}}, {"model": "category.subclass", "pk": 39, "fields": {"maincategory": 6, "category": 23, "subclass": "\ud398\uc778\ud2b8/\ub3c4\uad6c", "small_img": "subclass/2020/3/31/dd922b5e563c4b86b9fae5727daf14b1_subclass.jpg"}}, {"model": "category.subclass", "pk": 40, "fields": {"maincategory": 9, "category": 32, "subclass": "\ub178\ud2b8\ubd81", "small_img": "subclass/2020/3/31/3a48868a8b974e7ba1a6fcb74ca4605a_subclass.jpg"}}, {"model": "category.subclass", "pk": 41, "fields": {"maincategory": 9, "category": 32, "subclass": "\ud0dc\ube14\ub9bfPC \ubc0f \uc545\uc138\uc11c\ub9ac", "small_img": "subclass/2020/3/31/2534a2d7e2b140fda82a9e7bb834ff2b_subclass.jpg"}}, {"model": "category.subclass", "pk": 42, "fields": {"maincategory": 9, "category": 32, "subclass": "\ub370\uc2a4\ud06c\ud0d1", "small_img": "subclass/2020/3/31/d1a1307e71674535ba217e2c4c8874f7_subclass.jpg"}}, {"model": "category.subclass", "pk": 43, "fields": {"maincategory": 9, "category": 32, "subclass": "\ubaa8\ub2c8\ud130", "small_img": "subclass/2020/3/31/4423533a87b04c07b0de6075956c7196_subclass.jpg"}}, {"model": "category.subclass", "pk": 44, "fields": {"maincategory": 9, "category": 32, "subclass": "\ud504\ub9b0\ud130/\ubcf5\ud569\uae30", "small_img": "subclass/2020/3/31/32fdbe397fb9483eb40b0c4db0d2b899_subclass.jpg"}}, {"model": "category.subclass", "pk": 45, "fields": {"maincategory": 9, "category": 32, "subclass": "\ud0a4\ubcf4\ub4dc/\ub9c8\uc6b0\uc2a4", "small_img": "subclass/2020/3/31/6538e8260e9d40518acbf71886cebb7c_subclass.jpg"}}, {"model": "category.subclass", "pk": 46, "fields": {"maincategory": 9, "category": 32, "subclass": "\ud5e4\ub4dc\uc14b/\uc2a4\ud53c\ucee4/\uc6f9\ucea0", "small_img": "subclass/2020/3/31/41053893c82448a4948ea534a6dd23dc_subclass.jpg"}}, {"model": "category.subclass", "pk": 47, "fields": {"maincategory": 9, "category": 32, "subclass": "\uc800\uc7a5\uc7a5\uce58", "small_img": "subclass/2020/3/31/a29b492d73d6495a8d8d265a14f7c18a_subclass.jpg"}}, {"model": "category.subclass", "pk": 48, "fields": {"maincategory": 9, "category": 32, "subclass": "\uacf5\uc720\uae30/\ub124\ud2b8\uc6cc\ud06c", "small_img": "subclass/2020/3/31/7f35569e42ce488b8be064f7e5fb72d4_subclass.jpg"}}, {"model": "category.subclass", "pk": 49, "fields": {"maincategory": 9, "category": 32, "subclass": "\ubd80\ud488", "small_img": "subclass/2020/3/31/70533fe40489450289b64294756eae2d_subclass.jpg"}}, {"model": "category.subclass", "pk": 50, "fields": {"maincategory": 9, "category": 32, "subclass": "\uc8fc\ubcc0\uae30\uae30", "small_img": "subclass/2020/3/31/dfa7ebe657f64f05982a9674bf829469_subclass.jpg"}}, {"model": "category.subclass", "pk": 51, "fields": {"maincategory": 9, "category": 33, "subclass": "\ud734\ub300\ud3f0 \uc561\uc138\uc11c\ub9ac", "small_img": "subclass/2020/3/31/4983c89c250d4bbfba197087ab058007_subclass.jpg"}}, {"model": "category.subclass", "pk": 52, "fields": {"maincategory": 9, "category": 33, "subclass": "\ubc30\ud130\ub9ac/\ucda9\uc804/\ucf00\uc774\ube14", "small_img": "subclass/2020/3/31/9f2106ce32da42ee92378151548be505_subclass.jpg"}}, {"model": "category.subclass", "pk": 53, "fields": {"maincategory": 9, "category": 33, "subclass": "\uc2a4\ub9c8\ud2b8\uc6cc\uce58/\ubc34\ub4dc", "small_img": "subclass/2020/3/31/035ad788f1d24a83b4979a3e5928831f_subclass.jpg"}}, {"model": "category.subclass", "pk": 54, "fields": {"maincategory": 9, "category": 33, "subclass": "\uba54\ubaa8\ub9ac\uce74\ub4dc/\ub9ac\ub354\uae30", "small_img": "subclass/2020/3/31/8bad644f82864506a680ab55e06e66af_subclass.jpg"}}, {"model": "category.subclass", "pk": 55, "fields": {"maincategory": 9, "category": 33, "subclass": "\ud734\ub300\ud3f0 \ubc0f \ubd80\ud488", "small_img": "subclass/2020/3/31/134768df52984cf3a3800d2200ca3a1b_subclass.jpg"}}, {"model": "category.subclass", "pk": 56, "fields": {"maincategory": 9, "category": 34, "subclass": "\uc774\uc5b4\ud3f0", "small_img": "subclass/2020/3/31/3eb88a036b494bcdb058115bcb2ef8ff_subclass.jpg"}}, {"model": "category.subclass", "pk": 57, "fields": {"maincategory": 9, "category": 34, "subclass": "\ud5e4\ub4dc\ud3f0", "small_img": "subclass/2020/3/31/3ff145f97bc84c3486ac442885f7f1e9_subclass.jpg"}}, {"model": "category.subclass", "pk": 58, "fields": {"maincategory": 9, "category": 34, "subclass": "\uc2a4\ud53c\ucee4", "small_img": "subclass/2020/3/31/d9ac909926ba4ee9bbc0609bb4f36d8f_subclass.jpg"}}, {"model": "category.subclass", "pk": 59, "fields": {"maincategory": 9, "category": 34, "subclass": "\ud648\uc2dc\uc5b4\ud130/\uc624\ub514\uc624", "small_img": "subclass/2020/3/31/81a1ff422e5546199fcadacc4bf93bb1_subclass.jpg"}}, {"model": "category.subclass", "pk": 60, "fields": {"maincategory": 9, "category": 34, "subclass": "\ub77c\ub514\uc624/\uce74\uc138\ud2b8/MP3", "small_img": "subclass/2020/3/31/e36bcda95bec40f5bd155b6119cff82b_subclass.jpg"}}, {"model": "category.subclass", "pk": 61, "fields": {"maincategory": 9, "category": 34, "subclass": "\ub179\uc74c\uae30", "small_img": "subclass/2020/3/31/bbabfbd9858e4276bc26db288d806090_subclass.jpg"}}, {"model": "category.subclass", "pk": 62, "fields": {"maincategory": 9, "category": 34, "subclass": "\ub9c8\uc774\ud06c", "small_img": "subclass/2020/3/31/2ce0257bdc65406c969b195ac183fd64_subclass.jpg"}}, {"model": "category.subclass", "pk": 63, "fields": {"maincategory": 9, "category": 34, "subclass": "\uc74c\ud5a5 \uc561\uc138\uc11c\ub9ac", "small_img": "subclass/2020/3/31/65bee016422a45c79267d5d958ab3c71_subclass.jpg"}}, {"model": "category.subclass", "pk": 64, "fields": {"maincategory": 9, "category": 35, "subclass": "\uce74\uba54\ub77c", "small_img": "subclass/2020/3/31/dfbb24a38593484c838d1e3e5f38a548_subclass.jpg"}}, {"model": "category.subclass", "pk": 65, "fields": {"maincategory": 9, "category": 35, "subclass": "\ub9c8\uc774\ud06c/\ubbf9\uc11c", "small_img": "subclass/2020/3/31/9e8dbd99092e4b8e812cfe463ae27530_subclass.jpg"}}, {"model": "category.subclass", "pk": 66, "fields": {"maincategory": 9, "category": 35, "subclass": "\uc0bc\uac01\ub300/\uc140\uce74\ubd09", "small_img": "subclass/2020/3/31/c1f9183e36ac49cabf2de3dc0e066c78_subclass.jpg"}}, {"model": "category.subclass", "pk": 67, "fields": {"maincategory": 9, "category": 35, "subclass": "\uc870\uba85/\ubc30\uacbd", "small_img": "subclass/2020/3/31/3be83ffcbd7e47069609bd8e9a22242a_subclass.jpg"}}, {"model": "category.subclass", "pk": 68, "fields": {"maincategory": 9, "category": 35, "subclass": "\uc800\uc7a5\uc7a5\uce58/\ubc30\ud130\ub9ac", "small_img": "subclass/2020/3/31/8a0ce6d35fb24c4e99da88cdb2cf570f_subclass.jpg"}}, {"model": "category.subclass", "pk": 69, "fields": {"maincategory": 9, "category": 36, "subclass": "\uc120\ud48d\uae30", "small_img": "subclass/2020/3/31/19d4fa02b4794662af60becbfc4db59c_subclass.jpg"}}, {"model": "category.subclass", "pk": 70, "fields": {"maincategory": 9, "category": 36, "subclass": "\uc5d0\uc5b4\ucee8", "small_img": "subclass/2020/3/31/8582a970fb13411198c20e652054b1e2_subclass.png"}}, {"model": "category.subclass", "pk": 71, "fields": {"maincategory": 9, "category": 36, "subclass": "\uc81c\uc2b5\uae30", "small_img": "subclass/2020/3/31/ad873549b2594ed2b74728693260e0be_subclass.png"}}, {"model": "category.subclass", "pk": 72, "fields": {"maincategory": 9, "category": 36, "subclass": "\uc11c\ud058\ub808\uc774\ud130", "small_img": "subclass/2020/3/31/ab77f4ed6707492d83187d8d22f28346_subclass.png"}}, {"model": "category.subclass", "pk": 73, "fields": {"maincategory": 9, "category": 36, "subclass": "\ub0c9\ud48d\uae30", "small_img": "subclass/2020/3/31/c10843a63b6147f4a8879d2d7fa44e94_subclass.png"}}, {"model": "category.subclass", "pk": 74, "fields": {"maincategory": 9, "category": 36, "subclass": "\uac74\uc870\uae30/\ud0c8\uc218\uae30", "small_img": "subclass/2020/3/31/ad39aa1505974f9ab42353bdad7f494f_subclass.jpg"}}, {"model": "category.subclass", "pk": 75, "fields": {"maincategory": 9, "category": 36, "subclass": "\ubaa8\uae30/\ud574\ucda9 \ud1f4\uce58\uae30", "small_img": "subclass/2020/3/31/a9b42504e5dd4b48b3d7428adc794d3b_subclass.png"}}, {"model": "category.subclass", "pk": 76, "fields": {"maincategory": 9, "category": 36, "subclass": "\uac00\uc2b5\uae30/\uc5d0\uc5b4\uc6cc\uc154", "small_img": "subclass/2020/3/31/3e5c0950e6784a19a799b1bdfd109831_subclass.jpg"}}, {"model": "category.subclass", "pk": 77, "fields": {"maincategory": 9, "category": 36, "subclass": "\ud788\ud130/\uc628\ud48d\uae30", "small_img": "subclass/2020/3/31/65090e8fcefe455480f9b8e72bb8b05d_subclass.jpg"}}, {"model": "category.subclass", "pk": 78, "fields": {"maincategory": 9, "category": 36, "subclass": "\uc190\ub09c\ub85c/\ubc1c\ub09c\ub85c", "small_img": "subclass/2020/3/31/d4d6098da1944db58b0b7a061e6becad_subclass.jpg"}}, {"model": "category.subclass", "pk": 79, "fields": {"maincategory": 9, "category": 37, "subclass": "TV", "small_img": "subclass/2020/3/31/85be9d1b6595401c814793970276a686_subclass.jpg"}}, {"model": "category.subclass", "pk": 80, "fields": {"maincategory": 9, "category": 37, "subclass": "TV \uc561\uc138\uc11c\ub9ac", "small_img": "subclass/2020/3/31/8e6490054d164c04bc0cb586cba80670_subclass.jpg"}}, {"model": "category.subclass", "pk": 81, "fields": {"maincategory": 9, "category": 37, "subclass": "\ube14\ub8e8\ub808\uc774/DVD/DIVX", "small_img": "subclass/2020/3/31/01b4507f30bf45cf98eff2cb5ce2cbfd_subclass.jpg"}}, {"model": "category.subclass", "pk": 82, "fields": {"maincategory": 9, "category": 38, "subclass": "\ubb34\uc120/\uc2a4\ud2f1\uccad\uc18c\uae30", "small_img": "subclass/2020/3/31/9e1ede673e9e4efd9b24a795c316471b_subclass.jpg"}}, {"model": "category.subclass", "pk": 83, "fields": {"maincategory": 9, "category": 38, "subclass": "\uc9c4\uacf5\uccad\uc18c\uae30", "small_img": "subclass/2020/3/31/780bd3e357eb43fbbc8e819784e48c64_subclass.jpg"}}, {"model": "category.subclass", "pk": 84, "fields": {"maincategory": 9, "category": 38, "subclass": "\ub85c\ubd07\uccad\uc18c\uae30", "small_img": "subclass/2020/3/31/f572d9a1bd3a437697c9090bf7eb78e8_subclass.jpg"}}, {"model": "category.subclass", "pk": 85, "fields": {"maincategory": 9, "category": 38, "subclass": "\ubb3c\uac78\ub808\uccad\uc18c\uae30", "small_img": "subclass/2020/3/31/7afa597c492946fe931cef19d038d08f_subclass.jpg"}}, {"model": "category.subclass", "pk": 86, "fields": {"maincategory": 9, "category": 38, "subclass": "\uce68\uad6c\uccad\uc18c\uae30", "small_img": "subclass/2020/3/31/78ca101c8b314ddb8400095149752792_subclass.jpg"}}, {"model": "category.subclass", "pk": 87, "fields": {"maincategory": 9, "category": 38, "subclass": "\ud578\ub514\uccad\uc18c\uae30", "small_img": "subclass/2020/3/31/ff71a4b5cc1545c88d034a9f07c34b29_subclass.png"}}, {"model": "category.subclass", "pk": 88, "fields": {"maincategory": 9, "category": 38, "subclass": "\uc2a4\ud300\uccad\uc18c\uae30", "small_img": "subclass/2020/3/31/91730ce545914fc4ba5bb10b6fa6fa6f_subclass.jpg"}}, {"model": "category.subclass", "pk": 89, "fields": {"maincategory": 9, "category": 38, "subclass": "\ucc28\ub7c9\uc6a9\uccad\uc18c\uae30", "small_img": "subclass/2020/3/31/a5a5dc73b2ff4fe2ad803562e41f41f2_subclass.jpg"}}, {"model": "category.subclass", "pk": 90, "fields": {"maincategory": 9, "category": 38, "subclass": "\uc5c5\uc18c\uc6a9\uccad\uc18c\uae30", "small_img": "subclass/2020/3/31/9c0e0beb510241c7a9c1355ecdcbdabc_subclass.jpg"}}, {"model": "category.subclass", "pk": 91, "fields": {"maincategory": 9, "category": 38, "subclass": "\ud544\ud130/\uc561\uc138\uc11c\ub9ac", "small_img": "subclass/2020/3/31/c4cf3eafd27644fd97d5a2664648ef52_subclass.jpg"}}, {"model": "category.subclass", "pk": 92, "fields": {"maincategory": 9, "category": 39, "subclass": "\uc138\ud0c1\uae30/\uac74\uc870\uae30", "small_img": "subclass/2020/3/31/976463ac71724a3ba6621aa7ce48821c_subclass.jpg"}}, {"model": "category.subclass", "pk": 93, "fields": {"maincategory": 9, "category": 39, "subclass": "\ub2e4\ub9ac\ubbf8/\uc7ac\ubd09/\ubcf4\ud480", "small_img": "subclass/2020/3/31/7015b1cf70944c16999c168a86ad5623_subclass.jpg"}}, {"model": "category.subclass", "pk": 94, "fields": {"maincategory": 9, "category": 39, "subclass": "\uacf5\uae30\uccad\uc815\uae30", "small_img": "subclass/2020/3/31/eccfda254a6b4535a821f8e84900bed3_subclass.png"}}, {"model": "category.subclass", "pk": 95, "fields": {"maincategory": 9, "category": 39, "subclass": "\ub3c4\uc5b4\ub8e9/\ube44\ub514\uc624\ud3f0", "small_img": "subclass/2020/3/31/1effd3f66783443083d13f4922f8a571_subclass.jpg"}}, {"model": "category.subclass", "pk": 96, "fields": {"maincategory": 9, "category": 39, "subclass": "\ube44\ub370/\uc628\uc218\uae30", "small_img": "subclass/2020/3/31/fe687feea2cb4a64b8dda228e9c73a04_subclass.jpg"}}, {"model": "category.subclass", "pk": 97, "fields": {"maincategory": 9, "category": 39, "subclass": "\uc804\ub3d9\uce6b\uc194/\uc0b4\uade0\uae30", "small_img": "subclass/2020/3/31/97821722f0dd408680b8a379012235e3_subclass.jpg"}}, {"model": "category.subclass", "pk": 98, "fields": {"maincategory": 9, "category": 39, "subclass": "\ud559\uc2b5\uc6a9 \uc2a4\ud0e0\ub4dc", "small_img": "subclass/2020/3/31/6616db1d9fa64b70942179c069353081_subclass.jpg"}}, {"model": "category.subclass", "pk": 99, "fields": {"maincategory": 9, "category": 39, "subclass": "\uc804\ud654\uae30/\ubb34\uc804\uae30", "small_img": "subclass/2020/3/31/64fda230bba245658a1b4e345f68a546_subclass.jpg"}}, {"model": "category.subclass", "pk": 100, "fields": {"maincategory": 9, "category": 40, "subclass": "\ud5e4\uc5b4\uc2a4\ud0c0\uc77c\ub7ec", "small_img": "subclass/2020/3/31/04d54bcc6cdd434ea489fb9500abf419_subclass.jpg"}}, {"model": "category.subclass", "pk": 101, "fields": {"maincategory": 9, "category": 40, "subclass": "\ub450\ud53c/\ud5e4\uc5b4\uad00\ub9ac", "small_img": "subclass/2020/3/31/c6199c1e3738437894ef33ca4badfa0d_subclass.jpg"}}, {"model": "category.subclass", "pk": 102, "fields": {"maincategory": 9, "category": 40, "subclass": "\ubab8\ub9e4\uad00\ub9ac/\ub9c8\uc0ac\uc9c0", "small_img": "subclass/2020/3/31/2856d0fc3ab449f98f39f11770255844_subclass.jpg"}}, {"model": "category.subclass", "pk": 103, "fields": {"maincategory": 9, "category": 40, "subclass": "\uccb4\uc911\uad00\ub9ac/\uce21\uc815\uae30", "small_img": "subclass/2020/3/31/cc3cf7ba4d1e4229a78d091628d5df48_subclass.jpg"}}, {"model": "category.subclass", "pk": 104, "fields": {"maincategory": 9, "category": 40, "subclass": "\uc804\uae30\uba74\ub3c4\uae30", "small_img": "subclass/2020/3/31/a30afd86b1ef4f3cace1a71c84cae791_subclass.png"}}, {"model": "category.subclass", "pk": 105, "fields": {"maincategory": 9, "category": 40, "subclass": "\uc81c\ubaa8\uae30/\uc774\ubc1c\uae30", "small_img": "subclass/2020/3/31/702c5791af054647a6d4dab7398dab16_subclass.jpg"}}, {"model": "category.subclass", "pk": 106, "fields": {"maincategory": 9, "category": 40, "subclass": "\ub208\uc379/\ub124\uc77c\uad00\ub9ac", "small_img": "subclass/2020/3/31/47a83753fb804999924743ce0d941e73_subclass.jpg"}}, {"model": "category.subclass", "pk": 107, "fields": {"maincategory": 9, "category": 40, "subclass": "\uc190\uac74\uc870\uae30/\uc18c\ub3c5\uae30", "small_img": "subclass/2020/3/31/02dc5ee8329d4f5db9ec2a2cb1317ef8_subclass.jpg"}}, {"model": "category.subclass", "pk": 108, "fields": {"maincategory": 9, "category": 41, "subclass": "\uc77c\ubc18\ub0c9\uc7a5\uace0", "small_img": "subclass/2020/3/31/8c4d802278fa4fa6a6da31e5be622a83_subclass.jpg"}}, {"model": "category.subclass", "pk": 109, "fields": {"maincategory": 9, "category": 41, "subclass": "\ubbf8\ub2c8\ub0c9\uc7a5\uace0", "small_img": "subclass/2020/3/31/7c746700f7ab4e37b06e9586a9f67fb5_subclass.jpg"}}, {"model": "category.subclass", "pk": 110, "fields": {"maincategory": 9, "category": 41, "subclass": "\uae40\uce58\ub0c9\uc7a5\uace0", "small_img": "subclass/2020/3/31/62c5cc7d2b3141589feff985fb12beac_subclass.jpg"}}, {"model": "category.subclass", "pk": 111, "fields": {"maincategory": 9, "category": 41, "subclass": "\ub0c9\ub3d9\uace0", "small_img": "subclass/2020/3/31/fcdd38aa62904bc9aa86f33cc0013c02_subclass.jpg"}}, {"model": "category.subclass", "pk": 112, "fields": {"maincategory": 3, "category": 8, "subclass": "\ubb34\uae30 \ubc0f \ucd1d\ud3ec\ud0c4 \ubd80\ud488", "small_img": "subclass/2020/3/31/e2090ed9aa554d91bb5bde3de2fd89de_subclass.jpg"}}, {"model": "category.subclass", "pk": 113, "fields": {"maincategory": 1, "category": 1, "subclass": "\uacbd\ubcf4\uae30/\uc2a4\ub9c8\ud2b8\ud0a4", "small_img": "subclass/2020/3/31/18444e88604147f8b707969fc1873944_subclass.jpg"}}, {"model": "category.subclass", "pk": 114, "fields": {"maincategory": 1, "category": 1, "subclass": "\ucc28\ub7c9\uc6a9 \uc74c\ud5a5\uae30\uae30", "small_img": "subclass/2020/3/31/b252a2cf7506467e8490fd2f9de4b003_subclass.jpg"}}, {"model": "category.subclass", "pk": 115, "fields": {"maincategory": 1, "category": 1, "subclass": "\ucc28\ub7c9\uc6a9 \uac70\uce58\ub300", "small_img": "subclass/2020/3/31/4b8bf1cf521b4e4984cd7ba0030fd3e2_subclass.jpg"}}, {"model": "category.subclass", "pk": 116, "fields": {"maincategory": 1, "category": 1, "subclass": "\ucc28\ub7c9\uc6a9 \ucda9\uc804\uae30", "small_img": "subclass/2020/3/31/21a3292973c64f8bbf4c0d3d82d48171_subclass.jpg"}}, {"model": "category.subclass", "pk": 117, "fields": {"maincategory": 3, "category": 8, "subclass": "\uae08\uc18d\ud30c\uc2a4\ub108 \ubc0f \uc2a4\ud504\ub9c1", "small_img": "subclass/2020/3/31/179a2dc9fd254ca5a1099873e9a37f2c_subclass.jpg"}}, {"model": "category.subclass", "pk": 118, "fields": {"maincategory": 3, "category": 8, "subclass": "\uae08\uc18d\ub2e8\uc870\uc81c\ud488", "small_img": "subclass/2020/3/31/791423cccb35471a9dca04e5e8a67f25_subclass.jpg"}}, {"model": "category.subclass", "pk": 119, "fields": {"maincategory": 3, "category": 51, "subclass": "\uc720\uc555\uae30\uae30", "small_img": "subclass/2020/3/31/5313a2df50694815a18804f3171a9d2e_subclass.jpg"}}, {"model": "category.subclass", "pk": 120, "fields": {"maincategory": 3, "category": 51, "subclass": "\ud38c\ud504", "small_img": "subclass/2020/3/31/8d452335300142588f99800c1e2bb2b5_subclass.jpg"}}, {"model": "category.subclass", "pk": 121, "fields": {"maincategory": 3, "category": 51, "subclass": "\uc555\ucd95\uae30", "small_img": "subclass/2020/3/31/fcbcc625d21943b599e38aa7cc8ff203_subclass.jpg"}}, {"model": "category.subclass", "pk": 122, "fields": {"maincategory": 3, "category": 51, "subclass": "\ubca0\uc5b4\ub9c1", "small_img": "subclass/2020/3/31/c28811e26d8a48d381456608c8614830_subclass.jpg"}}, {"model": "category.subclass", "pk": 123, "fields": {"maincategory": 3, "category": 51, "subclass": "\uae30\uc5b4 \ubc0f \ub3d9\ub825\uc804\ub2ec\uc7a5\uce58", "small_img": "subclass/2020/3/31/2151879969af47538645af803d5d186c_subclass.jpg"}}, {"model": "category.subclass", "pk": 124, "fields": {"maincategory": 3, "category": 52, "subclass": "\uc804\ub3d9\uae30", "small_img": "subclass/2020/3/31/683513bba1f3444782fb6fb3aa66a5e0_subclass.jpg"}}, {"model": "category.subclass", "pk": 125, "fields": {"maincategory": 3, "category": 52, "subclass": "\ubcc0\uc555\uae30", "small_img": "subclass/2020/3/31/75aae5f718ef422c839f3e4a0eae4743_subclass.jpg"}}, {"model": "category.subclass", "pk": 126, "fields": {"maincategory": 3, "category": 52, "subclass": "\ucd95\uc804\uc9c0", "small_img": "subclass/2020/3/31/2f1a520210294e59892b14fd10b3d6f4_subclass.jpg"}}, {"model": "category.subclass", "pk": 127, "fields": {"maincategory": 3, "category": 52, "subclass": "\uad11\uc12c\uc720\ucf00\uc774\ube14", "small_img": "subclass/2020/3/31/7fc589e261e44a30b91fd99ab31b86d5_subclass.jpg"}}, {"model": "category.subclass", "pk": 128, "fields": {"maincategory": 3, "category": 52, "subclass": "\uac00\uc815\uc6a9 \uc804\uc790\uae30\uae30 \ubd80\ud488", "small_img": "subclass/2020/3/31/d1c70f3215664f9e9bf8941485c6ceef_subclass.jpg"}}, {"model": "category.subclass", "pk": 129, "fields": {"maincategory": 3, "category": 53, "subclass": "\uc804\uc790\uc9c1\uc811\ud68c\ub85c", "small_img": "subclass/2020/3/31/1e8a794ab34f41078afa59f428da9d4c_subclass.jpg"}}, {"model": "category.subclass", "pk": 130, "fields": {"maincategory": 3, "category": 53, "subclass": "\ubc29\uc1a1\ud1b5\uc2e0\uc7a5\ube44 \ubc0f \ubd80\ud488", "small_img": "subclass/2020/3/31/c8f5557ada224cc2876aef16ae52e645_subclass.jpg"}}, {"model": "category.subclass", "pk": 131, "fields": {"maincategory": 3, "category": 53, "subclass": "\ud3c9\ud310\ub514\uc2a4\ud50c\ub808\uc774(LCD, OLED \ub4f1)", "small_img": "subclass/2020/3/31/59fa4951e5f24542b9b73484e95e34ae_subclass.jpg"}}, {"model": "category.subclass", "pk": 132, "fields": {"maincategory": 3, "category": 53, "subclass": "\ucef4\ud4e8\ud130 \uc8fc\ubcc0\uae30\uae30(\uae30\uc5b5\uc7a5\uce58 \ub4f1)", "small_img": "subclass/2020/3/31/866dca86e07e4367bb1a9f5e1c2bff30_subclass.jpg"}}, {"model": "category.subclass", "pk": 133, "fields": {"maincategory": 3, "category": 54, "subclass": "\uad11\ud559\ub80c\uc988", "small_img": "subclass/2020/3/31/dd9e9c1ebf524f3893644b179d62906d_subclass.jpg"}}, {"model": "category.subclass", "pk": 134, "fields": {"maincategory": 3, "category": 54, "subclass": "\uc2dc\uacc4\ubd80\ud488", "small_img": "subclass/2020/3/31/bd241ec86d534b54b79e69823f0e5e84_subclass.jpg"}}, {"model": "category.subclass", "pk": 135, "fields": {"maincategory": 3, "category": 54, "subclass": "\uae30\ud0c0\uc758\ub8cc\uae30\uae30 \ubd80\ud488", "small_img": "subclass/2020/3/31/f07f6e9c178347b582ae66ac295ac78d_subclass.jpg"}}, {"model": "category.subclass", "pk": 136, "fields": {"maincategory": 3, "category": 54, "subclass": "\uce21\uc815\uae30\uae30 \ubd80\ud488", "small_img": "subclass/2020/3/31/b065d824722b49bda89271816ba200c8_subclass.jpg"}}, {"model": "category.subclass", "pk": 137, "fields": {"maincategory": 3, "category": 55, "subclass": "\ucc28\ub7c9\uc6a9/\ud56d\uacf5\uae30\uc6a9 \uc5d4\uc9c4", "small_img": "subclass/2020/3/31/1d6e6c003778434492820e73124664d9_subclass.jpg"}}, {"model": "category.subclass", "pk": 138, "fields": {"maincategory": 3, "category": 55, "subclass": "\uc790\ub3d9\ucc28\uc6a9 \ub3d9\ub825\uc804\ub2ec\uc7a5\uce58", "small_img": "subclass/2020/3/31/f85e545ccc274be2be068ae5135dbd9d_subclass.jpg"}}, {"model": "category.subclass", "pk": 139, "fields": {"maincategory": 3, "category": 55, "subclass": "\uc790\ub3d9\ucc28 \ucc28\uccb4 \ubd80\ud488", "small_img": "subclass/2020/3/31/9f527bff7b9f47dea926ca9d635eb82b_subclass.jpg"}}, {"model": "category.subclass", "pk": 140, "fields": {"maincategory": 3, "category": 55, "subclass": "\ud56d\uacf5\uae30 \ubd80\ud488", "small_img": "subclass/2020/3/31/85e4e2c50e2a473d84d38cd20d315d0e_subclass.jpg"}}, {"model": "category.subclass", "pk": 141, "fields": {"maincategory": 3, "category": 55, "subclass": "\ucca0\ub3c4\ucc28\ub7c9\ubd80\ud488", "small_img": "subclass/2020/3/31/b940a18b6271468fbf9979a4831d21af_subclass.jpg"}}, {"model": "category.subclass", "pk": 142, "fields": {"maincategory": 3, "category": 55, "subclass": "\uc120\ubc15 \uad6c\uc131\ubd80\ud488", "small_img": "subclass/2020/3/31/2dd2677a2e0740c182d76a8a553961ea_subclass.jpg"}}, {"model": "category.subclass", "pk": 143, "fields": {"maincategory": 5, "category": 18, "subclass": "\uc9c4\uacf5\uccad\uc18c\uae30", "small_img": "subclass/2020/3/31/9d554c1904504eabbb9f873fcbbbc372_subclass.jpg"}}, {"model": "category.subclass", "pk": 144, "fields": {"maincategory": 9, "category": 36, "subclass": "\uacf5\uae30\uccad\uc815\uae30", "small_img": "subclass/2020/3/31/17094416c6374ccc80052803412566f8_subclass.jpg"}}, {"model": "category.city", "pk": 1, "fields": {"city": "\uc11c\uc6b8\ud2b9\ubcc4\uc2dc"}}, {"model": "category.city", "pk": 2, "fields": {"city": "\uacbd\uae30\ub3c4"}}, {"model": "category.city", "pk": 3, "fields": {"city": "\uac15\uc6d0\ub3c4"}}, {"model": "category.city", "pk": 4, "fields": {"city": "\ucda9\uccad\ubd81\ub3c4"}}, {"model": "category.city", "pk": 5, "fields": {"city": "\ucda9\uccad\ub0a8\ub3c4"}}, {"model": "category.city", "pk": 6, "fields": {"city": "\uc804\ub77c\ubd81\ub3c4"}}, {"model": "category.city", "pk": 7, "fields": {"city": "\uc804\ub77c\ub0a8\ub3c4"}}, {"model": "category.city", "pk": 8, "fields": {"city": "\uacbd\uc0c1\ubd81\ub3c4"}}, {"model": "category.city", "pk": 9, "fields": {"city": "\uacbd\uc0c1\ub0a8\ub3c4"}}, {"model": "category.city", "pk": 10, "fields": {"city": "\uc81c\uc8fc\ud2b9\ubcc4\uc790\uce58\ub3c4"}}, {"model": "category.city", "pk": 11, "fields": {"city": "\ub300\uad6c\uad11\uc5ed\uc2dc"}}, {"model": "category.city", "pk": 12, "fields": {"city": "\ubd80\uc0b0\uad11\uc5ed\uc2dc"}}, {"model": "category.city", "pk": 13, "fields": {"city": "\ub300\uc804\uad11\uc5ed\uc2dc"}}, {"model": "category.city", "pk": 14, "fields": {"city": "\uad11\uc8fc\uad11\uc5ed\uc2dc"}}, {"model": "category.city", "pk": 15, "fields": {"city": "\uc778\ucc9c\uad11\uc5ed\uc2dc"}}, {"model": "category.region", "pk": 1, "fields": {"city": 1, "region": "\uac15\ub0a8\uc9c0\uc5ed"}}, {"model": "category.region", "pk": 2, "fields": {"city": 1, "region": "\uac15\ub3d9\uc9c0\uc5ed"}}, {"model": "category.region", "pk": 3, "fields": {"city": 1, "region": "\uac15\uc11c\uc9c0\uc5ed"}}, {"model": "category.region", "pk": 4, "fields": {"city": 1, "region": "\uac15\ubd81\uc9c0\uc5ed"}}, {"model": "category.region", "pk": 7, "fields": {"city": 2, "region": "\uacbd\uae30\uc11c\ubd80"}}, {"model": "category.region", "pk": 8, "fields": {"city": 2, "region": "\uacbd\uae30\ubd81\ubd80"}}, {"model": "category.region", "pk": 9, "fields": {"city": 2, "region": "\uacbd\uae30\ub0a8\ubd80"}}, {"model": "category.region", "pk": 10, "fields": {"city": 2, "region": "\uacbd\uae30\ub3d9\ubd80"}}, {"model": "category.region", "pk": 11, "fields": {"city": 3, "region": "\uac15\uc6d0\ubd81\ubd80"}}, {"model": "category.region", "pk": 12, "fields": {"city": 3, "region": "\uac15\uc6d0\ub0a8\ubd80"}}, {"model": "category.region", "pk": 13, "fields": {"city": 3, "region": "\uac15\uc6d0\uc11c\ubd80"}}, {"model": "category.region", "pk": 14, "fields": {"city": 3, "region": "\uac15\uc6d0\ub3d9\ubd80"}}, {"model": "category.region", "pk": 15, "fields": {"city": 4, "region": "\ucda9\uccad\ubd81\ub3c4"}}, {"model": "category.region", "pk": 16, "fields": {"city": 5, "region": "\ucda9\uccad\ub0a8\ub3c4"}}, {"model": "category.region", "pk": 17, "fields": {"city": 6, "region": "\uc804\ub77c\ubd81\ub3c4"}}, {"model": "category.region", "pk": 18, "fields": {"city": 7, "region": "\uc804\ub77c\ub0a8\ub3c4"}}, {"model": "category.region", "pk": 19, "fields": {"city": 8, "region": "\uacbd\uc0c1\ubd81\ub3c4"}}, {"model": "category.region", "pk": 20, "fields": {"city": 9, "region": "\uacbd\uc0c1\ub0a8\ub3c4"}}, {"model": "category.region", "pk": 21, "fields": {"city": 10, "region": "\uc81c\uc8fc\ud2b9\ubcc4\uc790\uce58\ub3c4"}}, {"model": "category.region", "pk": 22, "fields": {"city": 11, "region": "\ub300\uad6c\uad11\uc5ed\uc2dc"}}, {"model": "category.region", "pk": 23, "fields": {"city": 12, "region": "\ubd80\uc0b0\uad11\uc5ed\uc2dc"}}, {"model": "category.region", "pk": 24, "fields": {"city": 13, "region": "\ub300\uc804\uad11\uc5ed\uc2dc"}}, {"model": "category.region", "pk": 25, "fields": {"city": 14, "region": "\uad11\uc8fc\uad11\uc5ed\uc2dc"}}, {"model": "category.region", "pk": 26, "fields": {"city": 15, "region": "\uc778\ucc9c\uad11\uc5ed\uc2dc"}}, {"model": "category.developbig", "pk": 1, "fields": {"maincategory": "\uc124\uacc4", "maincategory_img": "developbig/2020/4/6/7fd045bce7e34ee6851c1609e38e1d60_developbig.png"}}, {"model": "category.developbig", "pk": 3, "fields": {"maincategory": "\ubaa9\uc5c5", "maincategory_img": "developbig/2020/4/6/cd9994125758423e82307843d9711f18_developbig.png"}}, {"model": "category.developbig", "pk": 4, "fields": {"maincategory": "\uae08\ud615/\uac00\uacf5", "maincategory_img": "developbig/2020/4/6/542616c387554a17ad03a02a1652d4ab_developbig.png"}}, {"model": "category.develop", "pk": 1, "fields": {"maincategory": 1, "category": "\ub514\uc790\uc778", "coin": 3}}, {"model": "category.develop", "pk": 2, "fields": {"maincategory": 1, "category": "\ud68c\ub85c(\ud558\ub4dc\uc6e8\uc5b4)", "coin": 3}}, {"model": "category.develop", "pk": 3, "fields": {"maincategory": 1, "category": "\ud68c\ub85c(\ud38c\uc6e8\uc5b4)", "coin": 3}}, {"model": "category.develop", "pk": 6, "fields": {"maincategory": 1, "category": "\uae30\uad6c\uc124\uacc4", "coin": 3}}, {"model": "category.develop", "pk": 7, "fields": {"maincategory": 1, "category": "\uae30\uacc4\uc124\uacc4", "coin": 4}}, {"model": "category.develop", "pk": 8, "fields": {"maincategory": 3, "category": "CNC", "coin": 1}}, {"model": "category.develop", "pk": 9, "fields": {"maincategory": 3, "category": "3D \ud504\ub9b0\ud305", "coin": 1}}, {"model": "category.develop", "pk": 10, "fields": {"maincategory": 3, "category": "\uc8fc\ud615", "coin": 2}}, {"model": "category.develop", "pk": 11, "fields": {"maincategory": 4, "category": "\uae08\ud615", "coin": 30}}, {"model": "category.develop", "pk": 12, "fields": {"maincategory": 4, "category": "\uae08\uc18d\uac00\uacf5", "coin": 20}}, {"model": "category.develop", "pk": 13, "fields": {"maincategory": 4, "category": "\uc8fc\ubb3c", "coin": 20}}, {"model": "payment.paylist", "pk": 1, "fields": {"user": ["boltnnut@boltnnut.com2334444"], "merchant_uid": "1", "product_name": "name", "channel": "1", "pay_method": "1", "status": "status", "product_price": 0, "coin": 0}}, {"model": "payment.paylist", "pk": 2, "fields": {"user": ["boltnnut@boltnnut.com2334444"], "merchant_uid": "2", "product_name": "name", "channel": "pc", "pay_method": "card", "status": "paid", "product_price": 0, "coin": 0}}, {"model": "payment.paylist", "pk": 3, "fields": {"user": ["boltnnut@boltnnut.com2334444"], "merchant_uid": "1", "product_name": "name", "channel": "1", "pay_method": "1", "status": "status", "product_price": 0, "coin": 0}}, {"model": "payment.paylist", "pk": 4, "fields": {"user": ["boltnnut@boltnnut.com2334444"], "merchant_uid": "1", "product_name": "name", "channel": "1", "pay_method": "1", "status": "status", "product_price": 0, "coin": 0}}, {"model": "payment.paylist", "pk": 5, "fields": {"user": ["boltnnut@boltnnut.com2334444"], "merchant_uid": "1", "product_name": "name", "channel": "1", "pay_method": "1", "status": "status", "product_price": 0, "coin": 0}}, {"model": "payment.paylist", "pk": 6, "fields": {"user": ["boltnnut@boltnnut.com2334444"], "merchant_uid": "1", "product_name": "name", "channel": "1", "pay_method": "1", "status": "status", "product_price": 0, "coin": 0}}, {"model": "payment.paylist", "pk": 7, "fields": {"user": ["boltnnut@boltnnut.com2334444"], "merchant_uid": "1", "product_name": "name", "channel": "1", "pay_method": "1", "status": "status", "product_price": 0, "coin": 0}}, {"model": "payment.paylist", "pk": 8, "fields": {"user": ["boltnnut@boltnnut.com2334444"], "merchant_uid": "1", "product_name": "name", "channel": "1", "pay_method": "1", "status": "status", "product_price": 0, "coin": 0}}, {"model": "payment.paylist", "pk": 9, "fields": {"user": ["boltnnut@boltnnut.com2334444"], "merchant_uid": "1", "product_name": "name", "channel": "1", "pay_method": "1", "status": "status", "product_price": 0, "coin": 0}}, {"model": "payment.paylist", "pk": 10, "fields": {"user": ["boltnnut@boltnnut.com2334444"], "merchant_uid": "1", "product_name": "name", "channel": "1", "pay_method": "1", "status": "status", "product_price": 0, "coin": 0}}, {"model": "payment.paylist", "pk": 11, "fields": {"user": ["boltnnut@boltnnut.com2334444"], "merchant_uid": "1", "product_name": "name", "channel": "1", "pay_method": "1", "status": "status", "product_price": 0, "coin": 0}}, {"model": "payment.paylist", "pk": 12, "fields": {"user": ["boltnnut@boltnnut.com2334444"], "merchant_uid": "1", "product_name": "name", "channel": "1", "pay_method": "1", "status": "status", "product_price": 0, "coin": 0}}, {"model": "payment.paylist", "pk": 13, "fields": {"user": ["boltnnut@boltnnut.com2334444"], "merchant_uid": "1", "product_name": "name", "channel": "1", "pay_method": "1", "status": "status", "product_price": 0, "coin": 0}}, {"model": "payment.paylist", "pk": 14, "fields": {"user": ["boltnnut@boltnnut.com2334444"], "merchant_uid": "1", "product_name": "name", "channel": "1", "pay_method": "1", "status": "status", "product_price": 0, "coin": 0}}, {"model": "payment.paylist", "pk": 15, "fields": {"user": ["boltnnut@boltnnut.com2334444"], "merchant_uid": "1", "product_name": "name", "channel": "1", "pay_method": "1", "status": "status", "product_price": 0, "coin": 0}}, {"model": "payment.paylist", "pk": 16, "fields": {"user": ["boltnnut@boltnnut.com2334444"], "merchant_uid": "1", "product_name": "name", "channel": "1", "pay_method": "1", "status": "status", "product_price": 0, "coin": 0}}, {"model": "payment.paylist", "pk": 17, "fields": {"user": ["boltnnut@boltnnut.com2334444"], "merchant_uid": "1", "product_name": "name", "channel": "1", "pay_method": "1", "status": "status", "product_price": 0, "coin": 0}}, {"model": "payment.paylist", "pk": 18, "fields": {"user": ["boltnnut@boltnnut.com2334444"], "merchant_uid": "1", "product_name": "name", "channel": "1", "pay_method": "1", "status": "status", "product_price": 0, "coin": 0}}, {"model": "payment.paylist", "pk": 19, "fields": {"user": ["boltnnut@boltnnut.com2334444"], "merchant_uid": "1", "product_name": "name", "channel": "1", "pay_method": "1", "status": "status", "product_price": 0, "coin": 0}}, {"model": "payment.paylist", "pk": 20, "fields": {"user": ["boltnnut@boltnnut.com2334444"], "merchant_uid": "1", "product_name": "name", "channel": "1", "pay_method": "1", "status": "status", "product_price": 0, "coin": 0}}, {"model": "payment.paylist", "pk": 21, "fields": {"user": ["boltnnut@boltnnut.com2334444"], "merchant_uid": "1", "product_name": "name", "channel": "1", "pay_method": "1", "status": "status", "product_price": 0, "coin": 0}}, {"model": "payment.paylist", "pk": 22, "fields": {"user": ["boltnnut@boltnnut.com567834"], "merchant_uid": "boltnnut__AJYVC__0000000022", "product_name": "1", "channel": "1", "pay_method": "1", "status": "", "product_price": 1, "coin": 1}}, {"model": "payment.paylist", "pk": 23, "fields": {"user": ["boltnnut@boltnnut.com567834"], "merchant_uid": "boltnnut__7ZDGX__0000000022", "product_name": "1", "channel": "1", "pay_method": "1", "status": "0", "product_price": 1, "coin": 1}}, {"model": "payment.paylist", "pk": 24, "fields": {"user": ["boltnnut@boltnnut.com567834"], "merchant_uid": "boltnnut__BYRI2__0000000022", "product_name": "1", "channel": "0", "pay_method": "0", "status": "0", "product_price": 1, "coin": 1}}, {"model": "payment.paylist", "pk": 25, "fields": {"user": ["boltnnut@boltnnut.com567834"], "merchant_uid": "boltnnut__Q9Z7C__0000000022", "product_name": "1", "channel": "pre", "pay_method": "pre", "status": "0", "product_price": 1, "coin": 1}}, {"model": "payment.paylist", "pk": 26, "fields": {"user": ["boltnnut@boltnnut.com567834"], "merchant_uid": "boltnnut__HZFA0__0000000022", "product_name": "1", "channel": "0", "pay_method": "0", "status": "0", "product_price": 1, "coin": 1}}, {"model": "payment.paylist", "pk": 27, "fields": {"user": ["boltnnut@boltnnut.com567834"], "merchant_uid": "boltnnut__IV9FJ__0000000022", "product_name": "1", "channel": "0", "pay_method": "0", "status": "0", "product_price": 1, "coin": 1}}, {"model": "payment.paylist", "pk": 28, "fields": {"user": ["boltnnut@boltnnut.com567834"], "merchant_uid": "boltnnut__DAFV4__0000000022", "product_name": "1", "channel": "0", "pay_method": "0", "status": "0", "product_price": 1, "coin": 1}}, {"model": "payment.paylist", "pk": 29, "fields": {"user": ["boltnnut@boltnnut.com567834"], "merchant_uid": "boltnnut__NSWIB__0000000022", "product_name": "1", "channel": "0", "pay_method": "0", "status": "0", "product_price": 1, "coin": 1}}, {"model": "payment.paylist", "pk": 30, "fields": {"user": ["boltnnut@boltnnut.com567834"], "merchant_uid": "boltnnut__0W0FB__0000000022", "product_name": "1", "channel": "0", "pay_method": "0", "status": "0", "product_price": 1, "coin": 1}}, {"model": "project.project", "pk": 1, "fields": {}}, {"model": "project.project", "pk": 2, "fields": {}}, {"model": "project.request", "pk": 1, "fields": {"client": 5, "project": 1, "product": 5, "request1": "2", "request2": "3", "request3": "3", "request4": "3", "request5": "3", "request6": "3", "request7": "3", "request8": "3", "name": "3", "price": 3, "day": 3, "content": "<p>3</p>", "file": "", "created_at": "2020-03-31T07:29:14.165Z", "category": [2]}}, {"model": "project.request", "pk": 2, "fields": {"client": 6, "project": 2, "product": 6, "request1": "4", "request2": "4", "request3": "4", "request4": "4", "request5": "4", "request6": "4", "request7": "4", "request8": "4", "name": "4", "price": 4, "day": 4, "content": "<p>4</p>", "file": "", "created_at": "2020-03-31T07:29:31.170Z", "category": [2]}}, {"model": "project.answer", "pk": 1, "fields": {"client": 5, "project": 1, "partner": 2, "price": 3, "day": "3", "expert": "3", "strategy": "3", "created_at": "2020-03-31T07:29:46.813Z", "state": 0, "active": false}}, {"model": "project.answer", "pk": 2, "fields": {"client": 6, "project": 2, "partner": 3, "price": 3, "day": "3", "expert": "3", "strategy": "3", "created_at": "2020-03-31T07:29:54.641Z", "state": 0, "active": true}}, {"model": "project.answer", "pk": 3, "fields": {"client": 5, "project": 1, "partner": 3, "price": 3, "day": "3", "expert": "3", "strategy": "3", "created_at": "2020-03-31T07:30:03.328Z", "state": 0, "active": false}}, {"model": "project.review", "pk": 1, "fields": {"client": 5, "project": 1, "partner": 3, "price_score": 3, "time_score": 3, "talk_score": 3, "expert_score": 3, "result_score": 3, "content": "3"}}, {"model": "project.review", "pk": 2, "fields": {"client": 6, "project": 1, "partner": 4, "price_score": 4, "time_score": 0, "talk_score": 4, "expert_score": 4, "result_score": 4, "content": "4"}}, {"model": "authtoken.token", "pk": "015306da7593afa5b35f48d9ea551d242274f3c2", "fields": {"user": ["boltnnut@boltnnut.com567834"], "created": "2020-04-06T08:06:38.262Z"}}, {"model": "authtoken.token", "pk": "1d76fcc7f83b5a1f783109d3853a1b351bce9fa1", "fields": {"user": ["boltnnut@boltnnut.com233444"], "created": "2020-04-02T05:29:58.154Z"}}, {"model": "authtoken.token", "pk": "2524c182f877fe8de7dc4605f46026ec2728a824", "fields": {"user": ["boltnnut@boltnnut.3444344"], "created": "2020-03-30T05:14:04.615Z"}}, {"model": "authtoken.token", "pk": "2bc654c741029eff1425f57d1c76c0f705de71dc", "fields": {"user": ["wkddnjset@naver.com"], "created": "2020-04-06T07:09:55.004Z"}}, {"model": "authtoken.token", "pk": "2e4b7c9d348c2996c1840ae274cee99660978d96", "fields": {"user": ["6543@naver.co55555m"], "created": "2020-03-31T07:26:30.850Z"}}, {"model": "authtoken.token", "pk": "3852762cd06155b7d973e5eb2386413896170195", "fields": {"user": ["boltnnut@boltnnut.com56783"], "created": "2020-04-06T07:55:10.985Z"}}, {"model": "authtoken.token", "pk": "40ca8026cfe5152aba4a7c03251eeda7571d76eb", "fields": {"user": ["boltnnut@boltnnut.com23344"], "created": "2020-04-02T05:29:36.659Z"}}, {"model": "authtoken.token", "pk": "45b2c0e530009a1b0c5ebac35f6f1dadf3f4a725", "fields": {"user": ["6543@naver.co555555555m"], "created": "2020-03-31T07:26:39.982Z"}}, {"model": "authtoken.token", "pk": "4c452ecff0bf5d25b4bf2355c6eefd73e1b67e20", "fields": {"user": ["boltnnut@boltnnut.com56"], "created": "2020-04-06T07:51:49.959Z"}}, {"model": "authtoken.token", "pk": "518a07e42c4d899187e58f32e7e029ba3fafd7c6", "fields": {"user": ["boltnnut@boltnnut.com5678"], "created": "2020-04-06T07:54:53.045Z"}}, {"model": "authtoken.token", "pk": "67066ad9f61f0ab0d4538f39d393bd156c2628a6", "fields": {"user": ["6543@naver.co555m"], "created": "2020-03-31T07:26:25.643Z"}}, {"model": "authtoken.token", "pk": "9a955e1fb81423c383c5f5cfb5edb3d394cdd193", "fields": {"user": ["6543@naver.co555555m"], "created": "2020-03-31T07:26:33.558Z"}}, {"model": "authtoken.token", "pk": "a036d2840de5d1714334ede619eee7943ba7392c", "fields": {"user": ["6543@naver.co55555555m"], "created": "2020-03-31T07:26:37.734Z"}}, {"model": "authtoken.token", "pk": "a4fe1b4face9c3ad4baa10b86a0343cdc3a326ad", "fields": {"user": ["boltnnut@boltnnut.com"], "created": "2020-03-30T05:37:57.016Z"}}, {"model": "authtoken.token", "pk": "b9a5e92695dcfc8b952ca23ac36b716623382eb4", "fields": {"user": ["boltnnut@boltnnut.com2334444"], "created": "2020-04-05T10:57:00.789Z"}}, {"model": "authtoken.token", "pk": "bc1439bd752753c12cff82b776e239fe2d58b19c", "fields": {"user": ["6543@naver.co5555555555m"], "created": "2020-03-31T07:26:41.803Z"}}, {"model": "authtoken.token", "pk": "bf8273e61a058b608971ff5f688ef7c7bc8ad031", "fields": {"user": ["6543@naver.co5555m"], "created": "2020-03-31T07:26:27.844Z"}}, {"model": "authtoken.token", "pk": "c47bcbb6eebcb357fa71f5d11b1706c84a6e62a4", "fields": {"user": ["boltnnut@boltnnut.com2334"], "created": "2020-03-31T07:41:03.940Z"}}, {"model": "authtoken.token", "pk": "d26610df6681b4090f431018fdb471735f69e08a", "fields": {"user": ["boltnnut@boltnnut.34443444"], "created": "2020-03-30T05:16:17.229Z"}}, {"model": "authtoken.token", "pk": "e451e04706a899e8a5308a14d635a4a53be89051", "fields": {"user": ["boltnnut@boltnnut.com567"], "created": "2020-04-06T07:54:42.776Z"}}, {"model": "authtoken.token", "pk": "e793fa1abaa61ed5dbb18f1b9281c959ead3ec2f", "fields": {"user": ["6543@naver.co5555555m"], "created": "2020-03-31T07:26:35.725Z"}}, {"model": "admin.logentry", "pk": 1, "fields": {"action_time": "2020-03-30T04:45:08.962Z", "user": ["rlqls505@naver.com"], "content_type": ["category", "maincategory"], "object_id": "1", "object_repr": "1", "action_flag": 1, "change_message": "[{\"added\": {}}]"}}, {"model": "admin.logentry", "pk": 2, "fields": {"action_time": "2020-03-30T04:45:21.533Z", "user": ["rlqls505@naver.com"], "content_type": ["category", "category"], "object_id": "1", "object_repr": "1", "action_flag": 1, "change_message": "[{\"added\": {}}]"}}, {"model": "admin.logentry", "pk": 3, "fields": {"action_time": "2020-03-30T04:45:28.399Z", "user": ["rlqls505@naver.com"], "content_type": ["category", "subclass"], "object_id": "1", "object_repr": "1", "action_flag": 1, "change_message": "[{\"added\": {}}]"}}, {"model": "admin.logentry", "pk": 4, "fields": {"action_time": "2020-03-30T04:46:09.221Z", "user": ["rlqls505@naver.com"], "content_type": ["category", "maincategory"], "object_id": "1", "object_repr": "1", "action_flag": 3, "change_message": ""}}, {"model": "admin.logentry", "pk": 5, "fields": {"action_time": "2020-03-30T04:46:09.263Z", "user": ["rlqls505@naver.com"], "content_type": ["category", "maincategory"], "object_id": "1", "object_repr": "1", "action_flag": 3, "change_message": ""}}, {"model": "admin.logentry", "pk": 6, "fields": {"action_time": "2020-03-30T04:52:04.034Z", "user": ["rlqls505@naver.com"], "content_type": ["category", "subclass"], "object_id": "4", "object_repr": "4", "action_flag": 1, "change_message": "[{\"added\": {}}]"}}, {"model": "admin.logentry", "pk": 7, "fields": {"action_time": "2020-03-30T05:01:14.219Z", "user": ["rlqls505@naver.com"], "content_type": ["category", "subclass"], "object_id": "4", "object_repr": "4", "action_flag": 3, "change_message": ""}}, {"model": "admin.logentry", "pk": 8, "fields": {"action_time": "2020-03-30T05:01:14.277Z", "user": ["rlqls505@naver.com"], "content_type": ["category", "subclass"], "object_id": "4", "object_repr": "4", "action_flag": 3, "change_message": ""}}, {"model": "admin.logentry", "pk": 9, "fields": {"action_time": "2020-03-30T05:01:29.185Z", "user": ["rlqls505@naver.com"], "content_type": ["category", "subclass"], "object_id": "5", "object_repr": "5", "action_flag": 1, "change_message": "[{\"added\": {}}]"}}, {"model": "admin.logentry", "pk": 10, "fields": {"action_time": "2020-03-30T05:01:43.708Z", "user": ["rlqls505@naver.com"], "content_type": ["category", "subclass"], "object_id": "5", "object_repr": "5", "action_flag": 2, "change_message": "[]"}}, {"model": "admin.logentry", "pk": 11, "fields": {"action_time": "2020-03-30T05:07:53.676Z", "user": ["rlqls505@naver.com"], "content_type": ["account", "partner"], "object_id": "1", "object_repr": "1", "action_flag": 1, "change_message": "[{\"added\": {}}]"}}, {"model": "admin.logentry", "pk": 12, "fields": {"action_time": "2020-03-31T06:31:50.193Z", "user": ["rlqls505@naver.com"], "content_type": ["category", "subclass"], "object_id": "6", "object_repr": "\uc790\ub3d9\ucc28 \uad00\ub9ac\uc6a9\ud488", "action_flag": 1, "change_message": "[{\"added\": {}}]"}}, {"model": "admin.logentry", "pk": 13, "fields": {"action_time": "2020-03-31T06:32:06.575Z", "user": ["rlqls505@naver.com"], "content_type": ["category", "subclass"], "object_id": "7", "object_repr": "\uc790\ub3d9\ucc28 \uc2e4\ub0b4\uc6a9\ud488", "action_flag": 1, "change_message": "[{\"added\": {}}]"}}, {"model": "admin.logentry", "pk": 14, "fields": {"action_time": "2020-03-31T06:32:24.537Z", "user": ["rlqls505@naver.com"], "content_type": ["category", "subclass"], "object_id": "8", "object_repr": "\ud0c0\uc774\uc5b4 \uc2e4\uc678\uc6a9\ud488", "action_flag": 1, "change_message": "[{\"added\": {}}]"}}, {"model": "admin.logentry", "pk": 15, "fields": {"action_time": "2020-03-31T07:25:11.192Z", "user": ["rlqls505@naver.com"], "content_type": ["account", "client"], "object_id": "1", "object_repr": "1", "action_flag": 1, "change_message": "[{\"added\": {}}]"}}, {"model": "admin.logentry", "pk": 16, "fields": {"action_time": "2020-03-31T07:25:15.073Z", "user": ["rlqls505@naver.com"], "content_type": ["account", "client"], "object_id": "2", "object_repr": "2", "action_flag": 1, "change_message": "[{\"added\": {}}]"}}, {"model": "admin.logentry", "pk": 17, "fields": {"action_time": "2020-03-31T07:25:18.895Z", "user": ["rlqls505@naver.com"], "content_type": ["account", "client"], "object_id": "3", "object_repr": "3", "action_flag": 1, "change_message": "[{\"added\": {}}]"}}, {"model": "admin.logentry", "pk": 18, "fields": {"action_time": "2020-03-31T07:25:22.526Z", "user": ["rlqls505@naver.com"], "content_type": ["account", "client"], "object_id": "4", "object_repr": "4", "action_flag": 1, "change_message": "[{\"added\": {}}]"}}, {"model": "admin.logentry", "pk": 19, "fields": {"action_time": "2020-03-31T07:25:46.299Z", "user": ["rlqls505@naver.com"], "content_type": ["account", "client"], "object_id": "4", "object_repr": "4", "action_flag": 3, "change_message": ""}}, {"model": "admin.logentry", "pk": 20, "fields": {"action_time": "2020-03-31T07:25:46.316Z", "user": ["rlqls505@naver.com"], "content_type": ["account", "client"], "object_id": "3", "object_repr": "3", "action_flag": 3, "change_message": ""}}, {"model": "admin.logentry", "pk": 21, "fields": {"action_time": "2020-03-31T07:25:46.330Z", "user": ["rlqls505@naver.com"], "content_type": ["account", "client"], "object_id": "2", "object_repr": "2", "action_flag": 3, "change_message": ""}}, {"model": "admin.logentry", "pk": 22, "fields": {"action_time": "2020-03-31T07:25:46.350Z", "user": ["rlqls505@naver.com"], "content_type": ["account", "client"], "object_id": "1", "object_repr": "1", "action_flag": 3, "change_message": ""}}, {"model": "admin.logentry", "pk": 23, "fields": {"action_time": "2020-03-31T07:28:04.102Z", "user": ["rlqls505@naver.com"], "content_type": ["category", "subclass"], "object_id": "9", "object_repr": "\uc804\uc790\uc9c1\ud5d9\ud68c\ub85c(\uba54\ubaa8\ub9ac \ubc0f \uc2dc\uc2a4\ud15c\ubc18\ub3c4\uccb4)", "action_flag": 1, "change_message": "[{\"added\": {}}]"}}, {"model": "admin.logentry", "pk": 24, "fields": {"action_time": "2020-03-31T07:29:06.199Z", "user": ["rlqls505@naver.com"], "content_type": ["project", "project"], "object_id": "1", "object_repr": "1", "action_flag": 1, "change_message": "[{\"added\": {}}]"}}, {"model": "admin.logentry", "pk": 25, "fields": {"action_time": "2020-03-31T07:29:14.178Z", "user": ["rlqls505@naver.com"], "content_type": ["project", "request"], "object_id": "1", "object_repr": "1", "action_flag": 1, "change_message": "[{\"added\": {}}]"}}, {"model": "admin.logentry", "pk": 26, "fields": {"action_time": "2020-03-31T07:29:21.817Z", "user": ["rlqls505@naver.com"], "content_type": ["project", "project"], "object_id": "2", "object_repr": "2", "action_flag": 1, "change_message": "[{\"added\": {}}]"}}, {"model": "admin.logentry", "pk": 27, "fields": {"action_time": "2020-03-31T07:29:31.176Z", "user": ["rlqls505@naver.com"], "content_type": ["project", "request"], "object_id": "2", "object_repr": "2", "action_flag": 1, "change_message": "[{\"added\": {}}]"}}, {"model": "admin.logentry", "pk": 28, "fields": {"action_time": "2020-03-31T07:29:46.816Z", "user": ["rlqls505@naver.com"], "content_type": ["project", "answer"], "object_id": "1", "object_repr": "1", "action_flag": 1, "change_message": "[{\"added\": {}}]"}}, {"model": "admin.logentry", "pk": 29, "fields": {"action_time": "2020-03-31T07:29:54.651Z", "user": ["rlqls505@naver.com"], "content_type": ["project", "answer"], "object_id": "2", "object_repr": "2", "action_flag": 1, "change_message": "[{\"added\": {}}]"}}, {"model": "admin.logentry", "pk": 30, "fields": {"action_time": "2020-03-31T07:30:03.356Z", "user": ["rlqls505@naver.com"], "content_type": ["project", "answer"], "object_id": "3", "object_repr": "3", "action_flag": 1, "change_message": "[{\"added\": {}}]"}}, {"model": "admin.logentry", "pk": 31, "fields": {"action_time": "2020-03-31T07:30:24.507Z", "user": ["rlqls505@naver.com"], "content_type": ["project", "review"], "object_id": "1", "object_repr": "1", "action_flag": 1, "change_message": "[{\"added\": {}}]"}}, {"model": "admin.logentry", "pk": 32, "fields": {"action_time": "2020-03-31T07:30:32.806Z", "user": ["rlqls505@naver.com"], "content_type": ["project", "review"], "object_id": "2", "object_repr": "2", "action_flag": 1, "change_message": "[{\"added\": {}}]"}}, {"model": "admin.logentry", "pk": 33, "fields": {"action_time": "2020-03-31T08:56:15.414Z", "user": ["rlqls505@naver.com"], "content_type": ["category", "subclass"], "object_id": "10", "object_repr": "\uc804\uae30\ubc25\uc1a5", "action_flag": 1, "change_message": "[{\"added\": {}}]"}}, {"model": "admin.logentry", "pk": 34, "fields": {"action_time": "2020-03-31T08:57:26.417Z", "user": ["rlqls505@naver.com"], "content_type": ["category", "subclass"], "object_id": "11", "object_repr": "\uc804\uc790\ub808\uc778\uc9c0", "action_flag": 1, "change_message": "[{\"added\": {}}]"}}, {"model": "admin.logentry", "pk": 35, "fields": {"action_time": "2020-03-31T08:57:49.932Z", "user": ["rlqls505@naver.com"], "content_type": ["category", "subclass"], "object_id": "12", "object_repr": "\uc624\ube10", "action_flag": 1, "change_message": "[{\"added\": {}}]"}}, {"model": "admin.logentry", "pk": 36, "fields": {"action_time": "2020-03-31T08:58:10.687Z", "user": ["rlqls505@naver.com"], "content_type": ["category", "subclass"], "object_id": "13", "object_repr": "\uac00\uc2a4\ub808\uc778\uc9c0", "action_flag": 1, "change_message": "[{\"added\": {}}]"}}, {"model": "admin.logentry", "pk": 37, "fields": {"action_time": "2020-03-31T08:58:26.327Z", "user": ["rlqls505@naver.com"], "content_type": ["category", "subclass"], "object_id": "14", "object_repr": "\uc804\uae30\ub808\uc778\uc9c0", "action_flag": 1, "change_message": "[{\"added\": {}}]"}}, {"model": "admin.logentry", "pk": 38, "fields": {"action_time": "2020-03-31T08:58:43.932Z", "user": ["rlqls505@naver.com"], "content_type": ["category", "subclass"], "object_id": "15", "object_repr": "\uc2dd\uae30\uc138\ucc99/\uac74\uc870\uae30", "action_flag": 1, "change_message": "[{\"added\": {}}]"}}, {"model": "admin.logentry", "pk": 39, "fields": {"action_time": "2020-03-31T08:59:03.032Z", "user": ["rlqls505@naver.com"], "content_type": ["category", "subclass"], "object_id": "16", "object_repr": "\ubbf9\uc11c\uae30/\ube14\ub80c\ub354", "action_flag": 1, "change_message": "[{\"added\": {}}]"}}, {"model": "admin.logentry", "pk": 40, "fields": {"action_time": "2020-03-31T08:59:21.547Z", "user": ["rlqls505@naver.com"], "content_type": ["category", "subclass"], "object_id": "17", "object_repr": "\ucee4\ud53c\uba54\uc774\ucee4/\uba38\uc2e0", "action_flag": 1, "change_message": "[{\"added\": {}}]"}}, {"model": "admin.logentry", "pk": 41, "fields": {"action_time": "2020-03-31T08:59:38.260Z", "user": ["rlqls505@naver.com"], "content_type": ["category", "subclass"], "object_id": "18", "object_repr": "\ube59\uc218\uae30/\uc81c\ube59\uae30", "action_flag": 1, "change_message": "[{\"added\": {}}]"}}, {"model": "admin.logentry", "pk": 42, "fields": {"action_time": "2020-03-31T08:59:54.098Z", "user": ["rlqls505@naver.com"], "content_type": ["category", "subclass"], "object_id": "19", "object_repr": "\uc804\uae30\ud3ec\ud2b8", "action_flag": 1, "change_message": "[{\"added\": {}}]"}}, {"model": "admin.logentry", "pk": 43, "fields": {"action_time": "2020-03-31T09:00:09.935Z", "user": ["rlqls505@naver.com"], "content_type": ["category", "subclass"], "object_id": "20", "object_repr": "\uc5d0\uc5b4\ud504\ub77c\uc774\uc5b4", "action_flag": 1, "change_message": "[{\"added\": {}}]"}}, {"model": "admin.logentry", "pk": 44, "fields": {"action_time": "2020-03-31T09:00:24.519Z", "user": ["rlqls505@naver.com"], "content_type": ["category", "subclass"], "object_id": "21", "object_repr": "\ud280\uae40\uae30", "action_flag": 1, "change_message": "[{\"added\": {}}]"}}, {"model": "admin.logentry", "pk": 45, "fields": {"action_time": "2020-03-31T09:00:37.700Z", "user": ["rlqls505@naver.com"], "content_type": ["category", "subclass"], "object_id": "22", "object_repr": "\ud1a0\uc2a4\ud130", "action_flag": 1, "change_message": "[{\"added\": {}}]"}}, {"model": "admin.logentry", "pk": 46, "fields": {"action_time": "2020-03-31T09:00:56.825Z", "user": ["rlqls505@naver.com"], "content_type": ["category", "subclass"], "object_id": "23", "object_repr": "\uc804\uae30\uadf8\ub9b4/\ud32c", "action_flag": 1, "change_message": "[{\"added\": {}}]"}}, {"model": "admin.logentry", "pk": 47, "fields": {"action_time": "2020-03-31T09:01:11.652Z", "user": ["rlqls505@naver.com"], "content_type": ["category", "subclass"], "object_id": "24", "object_repr": "\uc804\uae30\ucfe0\ucee4", "action_flag": 1, "change_message": "[{\"added\": {}}]"}}, {"model": "admin.logentry", "pk": 48, "fields": {"action_time": "2020-03-31T09:01:30.434Z", "user": ["rlqls505@naver.com"], "content_type": ["category", "subclass"], "object_id": "25", "object_repr": "\uc57d\ud0d5\uae30/\uc601\uc591\uc2dd\uc81c\uc870", "action_flag": 1, "change_message": "[{\"added\": {}}]"}}, {"model": "admin.logentry", "pk": 49, "fields": {"action_time": "2020-03-31T09:01:48.659Z", "user": ["rlqls505@naver.com"], "content_type": ["category", "subclass"], "object_id": "26", "object_repr": "\uce21\uc815\uacc4\ub7c9/\uae30\ud0c0\uac00\uc804", "action_flag": 1, "change_message": "[{\"added\": {}}]"}}, {"model": "admin.logentry", "pk": 50, "fields": {"action_time": "2020-03-31T09:02:37.086Z", "user": ["rlqls505@naver.com"], "content_type": ["category", "subclass"], "object_id": "27", "object_repr": "\uc74c\uc2dd\ubb3c\ucc98\ub9ac\uae30", "action_flag": 1, "change_message": "[{\"added\": {}}]"}}, {"model": "admin.logentry", "pk": 51, "fields": {"action_time": "2020-03-31T09:02:53.327Z", "user": ["rlqls505@naver.com"], "content_type": ["category", "subclass"], "object_id": "28", "object_repr": "\ud658\ud48d\uae30/\ub808\uc778\uc9c0\ud6c4\ub4dc", "action_flag": 1, "change_message": "[{\"added\": {}}]"}}, {"model": "admin.logentry", "pk": 52, "fields": {"action_time": "2020-03-31T09:04:09.803Z", "user": ["rlqls505@naver.com"], "content_type": ["category", "subclass"], "object_id": "29", "object_repr": "\uc804\ub3d9/\uc815\ubc00\uacf5\uad6c", "action_flag": 1, "change_message": "[{\"added\": {}}]"}}, {"model": "admin.logentry", "pk": 53, "fields": {"action_time": "2020-03-31T09:04:25.376Z", "user": ["rlqls505@naver.com"], "content_type": ["category", "subclass"], "object_id": "30", "object_repr": "\uc218\uacf5\uad6c/\uc808\ub2e8\ub3c4\uad6c", "action_flag": 1, "change_message": "[{\"added\": {}}]"}}, {"model": "admin.logentry", "pk": 54, "fields": {"action_time": "2020-03-31T09:04:39.633Z", "user": ["rlqls505@naver.com"], "content_type": ["category", "subclass"], "object_id": "31", "object_repr": "\uacf5\uad6c\ud568", "action_flag": 1, "change_message": "[{\"added\": {}}]"}}, {"model": "admin.logentry", "pk": 55, "fields": {"action_time": "2020-03-31T09:04:57.170Z", "user": ["rlqls505@naver.com"], "content_type": ["category", "subclass"], "object_id": "32", "object_repr": "\uce21\uc815/\uce21\ub7c9\ub3c4\uad6c", "action_flag": 1, "change_message": "[{\"added\": {}}]"}}, {"model": "admin.logentry", "pk": 56, "fields": {"action_time": "2020-03-31T09:05:15.764Z", "user": ["rlqls505@naver.com"], "content_type": ["category", "subclass"], "object_id": "33", "object_repr": "\ubc30\uad00/\uac74\ucd95\uc790\uc7ac", "action_flag": 1, "change_message": "[{\"added\": {}}]"}}, {"model": "admin.logentry", "pk": 57, "fields": {"action_time": "2020-03-31T09:05:31.085Z", "user": ["rlqls505@naver.com"], "content_type": ["category", "subclass"], "object_id": "34", "object_repr": "\uc0ac\ub2e4\ub9ac/\uc6b4\ubc18\uc6a9\ud488", "action_flag": 1, "change_message": "[{\"added\": {}}]"}}, {"model": "admin.logentry", "pk": 58, "fields": {"action_time": "2020-03-31T09:05:47.085Z", "user": ["rlqls505@naver.com"], "content_type": ["category", "subclass"], "object_id": "35", "object_repr": "\ubaa8\ud130/\uc5d0\uc5b4\uacf5\uad6c", "action_flag": 1, "change_message": "[{\"added\": {}}]"}}, {"model": "admin.logentry", "pk": 59, "fields": {"action_time": "2020-03-31T09:06:04.109Z", "user": ["rlqls505@naver.com"], "content_type": ["category", "subclass"], "object_id": "36", "object_repr": "\ub098\uc0ac/\ubabb/\uccb4\uacb0\ub3c4\uad6c", "action_flag": 1, "change_message": "[{\"added\": {}}]"}}, {"model": "admin.logentry", "pk": 60, "fields": {"action_time": "2020-03-31T09:06:22.120Z", "user": ["rlqls505@naver.com"], "content_type": ["category", "subclass"], "object_id": "37", "object_repr": "\uc811\ucc29/\ubcf4\uc218\uc6a9\ud488", "action_flag": 1, "change_message": "[{\"added\": {}}]"}}, {"model": "admin.logentry", "pk": 61, "fields": {"action_time": "2020-03-31T09:06:40.835Z", "user": ["rlqls505@naver.com"], "content_type": ["category", "subclass"], "object_id": "38", "object_repr": "\ud1a0\uce58/\uc6a9\uc811\uacf5\uad6c", "action_flag": 1, "change_message": "[{\"added\": {}}]"}}, {"model": "admin.logentry", "pk": 62, "fields": {"action_time": "2020-03-31T09:06:54.656Z", "user": ["rlqls505@naver.com"], "content_type": ["category", "subclass"], "object_id": "39", "object_repr": "\ud398\uc778\ud2b8/\ub3c4\uad6c", "action_flag": 1, "change_message": "[{\"added\": {}}]"}}, {"model": "admin.logentry", "pk": 63, "fields": {"action_time": "2020-03-31T09:07:41.392Z", "user": ["rlqls505@naver.com"], "content_type": ["category", "subclass"], "object_id": "40", "object_repr": "\ub178\ud2b8\ubd81", "action_flag": 1, "change_message": "[{\"added\": {}}]"}}, {"model": "admin.logentry", "pk": 64, "fields": {"action_time": "2020-03-31T09:08:02.169Z", "user": ["rlqls505@naver.com"], "content_type": ["category", "subclass"], "object_id": "41", "object_repr": "\ud0dc\ube14\ub9bfPC \ubc0f \uc545\uc138\uc11c\ub9ac", "action_flag": 1, "change_message": "[{\"added\": {}}]"}}, {"model": "admin.logentry", "pk": 65, "fields": {"action_time": "2020-03-31T09:08:18.739Z", "user": ["rlqls505@naver.com"], "content_type": ["category", "subclass"], "object_id": "42", "object_repr": "\ub370\uc2a4\ud06c\ud0d1", "action_flag": 1, "change_message": "[{\"added\": {}}]"}}, {"model": "admin.logentry", "pk": 66, "fields": {"action_time": "2020-03-31T09:08:34.589Z", "user": ["rlqls505@naver.com"], "content_type": ["category", "subclass"], "object_id": "43", "object_repr": "\ubaa8\ub2c8\ud130", "action_flag": 1, "change_message": "[{\"added\": {}}]"}}, {"model": "admin.logentry", "pk": 67, "fields": {"action_time": "2020-03-31T09:08:58.843Z", "user": ["rlqls505@naver.com"], "content_type": ["category", "subclass"], "object_id": "44", "object_repr": "\ud504\ub9b0\ud130/\ubcf5\ud569\uae30", "action_flag": 1, "change_message": "[{\"added\": {}}]"}}, {"model": "admin.logentry", "pk": 68, "fields": {"action_time": "2020-03-31T09:09:20.498Z", "user": ["rlqls505@naver.com"], "content_type": ["category", "subclass"], "object_id": "45", "object_repr": "\ud0a4\ubcf4\ub4dc/\ub9c8\uc6b0\uc2a4", "action_flag": 1, "change_message": "[{\"added\": {}}]"}}, {"model": "admin.logentry", "pk": 69, "fields": {"action_time": "2020-03-31T09:09:40.678Z", "user": ["rlqls505@naver.com"], "content_type": ["category", "subclass"], "object_id": "46", "object_repr": "\ud5e4\ub4dc\uc14b/\uc2a4\ud53c\ucee4/\uc6f9\ucea0", "action_flag": 1, "change_message": "[{\"added\": {}}]"}}, {"model": "admin.logentry", "pk": 70, "fields": {"action_time": "2020-03-31T09:09:58.263Z", "user": ["rlqls505@naver.com"], "content_type": ["category", "subclass"], "object_id": "47", "object_repr": "\uc800\uc7a5\uc7a5\uce58", "action_flag": 1, "change_message": "[{\"added\": {}}]"}}, {"model": "admin.logentry", "pk": 71, "fields": {"action_time": "2020-03-31T09:10:21.623Z", "user": ["rlqls505@naver.com"], "content_type": ["category", "subclass"], "object_id": "48", "object_repr": "\uacf5\uc720\uae30/\ub124\ud2b8\uc6cc\ud06c", "action_flag": 1, "change_message": "[{\"added\": {}}]"}}, {"model": "admin.logentry", "pk": 72, "fields": {"action_time": "2020-03-31T09:10:38.353Z", "user": ["rlqls505@naver.com"], "content_type": ["category", "subclass"], "object_id": "49", "object_repr": "\ubd80\ud488", "action_flag": 1, "change_message": "[{\"added\": {}}]"}}, {"model": "admin.logentry", "pk": 73, "fields": {"action_time": "2020-03-31T09:11:01.623Z", "user": ["rlqls505@naver.com"], "content_type": ["category", "subclass"], "object_id": "50", "object_repr": "\uc8fc\ubcc0\uae30\uae30", "action_flag": 1, "change_message": "[{\"added\": {}}]"}}, {"model": "admin.logentry", "pk": 74, "fields": {"action_time": "2020-03-31T09:11:41.904Z", "user": ["rlqls505@naver.com"], "content_type": ["category", "subclass"], "object_id": "51", "object_repr": "\ud734\ub300\ud3f0 \uc561\uc138\uc11c\ub9ac", "action_flag": 1, "change_message": "[{\"added\": {}}]"}}, {"model": "admin.logentry", "pk": 75, "fields": {"action_time": "2020-03-31T09:12:08.877Z", "user": ["rlqls505@naver.com"], "content_type": ["category", "subclass"], "object_id": "52", "object_repr": "\ubc30\ud130\ub9ac/\ucda9\uc804/\ucf00\uc774\ube14", "action_flag": 1, "change_message": "[{\"added\": {}}]"}}, {"model": "admin.logentry", "pk": 76, "fields": {"action_time": "2020-03-31T09:12:29.000Z", "user": ["rlqls505@naver.com"], "content_type": ["category", "subclass"], "object_id": "53", "object_repr": "\uc2a4\ub9c8\ud2b8\uc6cc\uce58/\ubc34\ub4dc", "action_flag": 1, "change_message": "[{\"added\": {}}]"}}, {"model": "admin.logentry", "pk": 77, "fields": {"action_time": "2020-03-31T09:12:51.717Z", "user": ["rlqls505@naver.com"], "content_type": ["category", "subclass"], "object_id": "54", "object_repr": "\uba54\ubaa8\ub9ac\uce74\ub4dc/\ub9ac\ub354\uae30", "action_flag": 1, "change_message": "[{\"added\": {}}]"}}, {"model": "admin.logentry", "pk": 78, "fields": {"action_time": "2020-03-31T09:13:18.583Z", "user": ["rlqls505@naver.com"], "content_type": ["category", "subclass"], "object_id": "55", "object_repr": "\ud734\ub300\ud3f0 \ubc0f \ubd80\ud488", "action_flag": 1, "change_message": "[{\"added\": {}}]"}}, {"model": "admin.logentry", "pk": 79, "fields": {"action_time": "2020-03-31T09:13:53.165Z", "user": ["rlqls505@naver.com"], "content_type": ["category", "subclass"], "object_id": "56", "object_repr": "\uc774\uc5b4\ud3f0", "action_flag": 1, "change_message": "[{\"added\": {}}]"}}, {"model": "admin.logentry", "pk": 80, "fields": {"action_time": "2020-03-31T09:14:10.677Z", "user": ["rlqls505@naver.com"], "content_type": ["category", "subclass"], "object_id": "57", "object_repr": "\ud5e4\ub4dc\ud3f0", "action_flag": 1, "change_message": "[{\"added\": {}}]"}}, {"model": "admin.logentry", "pk": 81, "fields": {"action_time": "2020-03-31T09:14:29.999Z", "user": ["rlqls505@naver.com"], "content_type": ["category", "subclass"], "object_id": "58", "object_repr": "\uc2a4\ud53c\ucee4", "action_flag": 1, "change_message": "[{\"added\": {}}]"}}, {"model": "admin.logentry", "pk": 82, "fields": {"action_time": "2020-03-31T09:14:50.483Z", "user": ["rlqls505@naver.com"], "content_type": ["category", "subclass"], "object_id": "59", "object_repr": "\ud648\uc2dc\uc5b4\ud130/\uc624\ub514\uc624", "action_flag": 1, "change_message": "[{\"added\": {}}]"}}, {"model": "admin.logentry", "pk": 83, "fields": {"action_time": "2020-03-31T09:15:13.399Z", "user": ["rlqls505@naver.com"], "content_type": ["category", "subclass"], "object_id": "60", "object_repr": "\ub77c\ub514\uc624/\uce74\uc138\ud2b8/MP3", "action_flag": 1, "change_message": "[{\"added\": {}}]"}}, {"model": "admin.logentry", "pk": 84, "fields": {"action_time": "2020-03-31T09:15:33.593Z", "user": ["rlqls505@naver.com"], "content_type": ["category", "subclass"], "object_id": "61", "object_repr": "\ub179\uc74c\uae30", "action_flag": 1, "change_message": "[{\"added\": {}}]"}}, {"model": "admin.logentry", "pk": 85, "fields": {"action_time": "2020-03-31T09:15:49.763Z", "user": ["rlqls505@naver.com"], "content_type": ["category", "subclass"], "object_id": "62", "object_repr": "\ub9c8\uc774\ud06c", "action_flag": 1, "change_message": "[{\"added\": {}}]"}}, {"model": "admin.logentry", "pk": 86, "fields": {"action_time": "2020-03-31T09:16:09.415Z", "user": ["rlqls505@naver.com"], "content_type": ["category", "subclass"], "object_id": "63", "object_repr": "\uc74c\ud5a5 \uc561\uc138\uc11c\ub9ac", "action_flag": 1, "change_message": "[{\"added\": {}}]"}}, {"model": "admin.logentry", "pk": 87, "fields": {"action_time": "2020-03-31T09:16:39.378Z", "user": ["rlqls505@naver.com"], "content_type": ["category", "subclass"], "object_id": "64", "object_repr": "\uce74\uba54\ub77c", "action_flag": 1, "change_message": "[{\"added\": {}}]"}}, {"model": "admin.logentry", "pk": 88, "fields": {"action_time": "2020-03-31T09:17:00.738Z", "user": ["rlqls505@naver.com"], "content_type": ["category", "subclass"], "object_id": "65", "object_repr": "\ub9c8\uc774\ud06c/\ubbf9\uc11c", "action_flag": 1, "change_message": "[{\"added\": {}}]"}}, {"model": "admin.logentry", "pk": 89, "fields": {"action_time": "2020-03-31T09:17:16.763Z", "user": ["rlqls505@naver.com"], "content_type": ["category", "subclass"], "object_id": "66", "object_repr": "\uc0bc\uac01\ub300/\uc140\uce74\ubd09", "action_flag": 1, "change_message": "[{\"added\": {}}]"}}, {"model": "admin.logentry", "pk": 90, "fields": {"action_time": "2020-03-31T09:17:35.910Z", "user": ["rlqls505@naver.com"], "content_type": ["category", "subclass"], "object_id": "67", "object_repr": "\uc870\uba85/\ubc30\uacbd", "action_flag": 1, "change_message": "[{\"added\": {}}]"}}, {"model": "admin.logentry", "pk": 91, "fields": {"action_time": "2020-03-31T09:17:53.275Z", "user": ["rlqls505@naver.com"], "content_type": ["category", "subclass"], "object_id": "68", "object_repr": "\uc800\uc7a5\uc7a5\uce58/\ubc30\ud130\ub9ac", "action_flag": 1, "change_message": "[{\"added\": {}}]"}}, {"model": "admin.logentry", "pk": 92, "fields": {"action_time": "2020-03-31T09:18:55.503Z", "user": ["rlqls505@naver.com"], "content_type": ["category", "subclass"], "object_id": "69", "object_repr": "\uc120\ud48d\uae30", "action_flag": 1, "change_message": "[{\"added\": {}}]"}}, {"model": "admin.logentry", "pk": 93, "fields": {"action_time": "2020-03-31T09:19:25.701Z", "user": ["rlqls505@naver.com"], "content_type": ["category", "subclass"], "object_id": "70", "object_repr": "\uc5d0\uc5b4\ucee8", "action_flag": 1, "change_message": "[{\"added\": {}}]"}}, {"model": "admin.logentry", "pk": 94, "fields": {"action_time": "2020-03-31T09:19:41.381Z", "user": ["rlqls505@naver.com"], "content_type": ["category", "subclass"], "object_id": "71", "object_repr": "\uc81c\uc2b5\uae30", "action_flag": 1, "change_message": "[{\"added\": {}}]"}}, {"model": "admin.logentry", "pk": 95, "fields": {"action_time": "2020-03-31T09:20:06.759Z", "user": ["rlqls505@naver.com"], "content_type": ["category", "subclass"], "object_id": "72", "object_repr": "\uc11c\ud058\ub808\uc774\ud130", "action_flag": 1, "change_message": "[{\"added\": {}}]"}}, {"model": "admin.logentry", "pk": 96, "fields": {"action_time": "2020-03-31T09:20:36.004Z", "user": ["rlqls505@naver.com"], "content_type": ["category", "subclass"], "object_id": "73", "object_repr": "\ub0c9\ud48d\uae30", "action_flag": 1, "change_message": "[{\"added\": {}}]"}}, {"model": "admin.logentry", "pk": 97, "fields": {"action_time": "2020-03-31T09:21:02.365Z", "user": ["rlqls505@naver.com"], "content_type": ["category", "subclass"], "object_id": "74", "object_repr": "\uac74\uc870\uae30/\ud0c8\uc218\uae30", "action_flag": 1, "change_message": "[{\"added\": {}}]"}}, {"model": "admin.logentry", "pk": 98, "fields": {"action_time": "2020-03-31T09:21:25.093Z", "user": ["rlqls505@naver.com"], "content_type": ["category", "subclass"], "object_id": "75", "object_repr": "\ubaa8\uae30/\ud574\ucda9 \ud1f4\uce58\uae30", "action_flag": 1, "change_message": "[{\"added\": {}}]"}}, {"model": "admin.logentry", "pk": 99, "fields": {"action_time": "2020-03-31T09:21:42.912Z", "user": ["rlqls505@naver.com"], "content_type": ["category", "subclass"], "object_id": "76", "object_repr": "\uac00\uc2b5\uae30/\uc5d0\uc5b4\uc6cc\uc154", "action_flag": 1, "change_message": "[{\"added\": {}}]"}}, {"model": "admin.logentry", "pk": 100, "fields": {"action_time": "2020-03-31T09:22:00.372Z", "user": ["rlqls505@naver.com"], "content_type": ["category", "subclass"], "object_id": "77", "object_repr": "\ud788\ud130/\uc628\ud48d\uae30", "action_flag": 1, "change_message": "[{\"added\": {}}]"}}, {"model": "admin.logentry", "pk": 101, "fields": {"action_time": "2020-03-31T09:22:20.190Z", "user": ["rlqls505@naver.com"], "content_type": ["category", "subclass"], "object_id": "78", "object_repr": "\uc190\ub09c\ub85c/\ubc1c\ub09c\ub85c", "action_flag": 1, "change_message": "[{\"added\": {}}]"}}, {"model": "admin.logentry", "pk": 102, "fields": {"action_time": "2020-03-31T09:22:48.307Z", "user": ["rlqls505@naver.com"], "content_type": ["category", "subclass"], "object_id": "79", "object_repr": "TV", "action_flag": 1, "change_message": "[{\"added\": {}}]"}}, {"model": "admin.logentry", "pk": 103, "fields": {"action_time": "2020-03-31T09:23:12.936Z", "user": ["rlqls505@naver.com"], "content_type": ["category", "subclass"], "object_id": "80", "object_repr": "TV \uc561\uc138\uc11c\ub9ac", "action_flag": 1, "change_message": "[{\"added\": {}}]"}}, {"model": "admin.logentry", "pk": 104, "fields": {"action_time": "2020-03-31T09:23:43.691Z", "user": ["rlqls505@naver.com"], "content_type": ["category", "subclass"], "object_id": "81", "object_repr": "\ube14\ub8e8\ub808\uc774/DVD/DIVX", "action_flag": 1, "change_message": "[{\"added\": {}}]"}}, {"model": "admin.logentry", "pk": 105, "fields": {"action_time": "2020-03-31T09:24:17.404Z", "user": ["rlqls505@naver.com"], "content_type": ["category", "subclass"], "object_id": "82", "object_repr": "\ubb34\uc120/\uc2a4\ud2f1\uccad\uc18c\uae30", "action_flag": 1, "change_message": "[{\"added\": {}}]"}}, {"model": "admin.logentry", "pk": 106, "fields": {"action_time": "2020-03-31T09:24:34.400Z", "user": ["rlqls505@naver.com"], "content_type": ["category", "subclass"], "object_id": "83", "object_repr": "\uc9c4\uacf5\uccad\uc18c\uae30", "action_flag": 1, "change_message": "[{\"added\": {}}]"}}, {"model": "admin.logentry", "pk": 107, "fields": {"action_time": "2020-03-31T09:24:56.009Z", "user": ["rlqls505@naver.com"], "content_type": ["category", "subclass"], "object_id": "84", "object_repr": "\ub85c\ubd07\uccad\uc18c\uae30", "action_flag": 1, "change_message": "[{\"added\": {}}]"}}, {"model": "admin.logentry", "pk": 108, "fields": {"action_time": "2020-03-31T09:25:15.696Z", "user": ["rlqls505@naver.com"], "content_type": ["category", "subclass"], "object_id": "85", "object_repr": "\ubb3c\uac78\ub808\uccad\uc18c\uae30", "action_flag": 1, "change_message": "[{\"added\": {}}]"}}, {"model": "admin.logentry", "pk": 109, "fields": {"action_time": "2020-03-31T09:25:30.052Z", "user": ["rlqls505@naver.com"], "content_type": ["category", "subclass"], "object_id": "86", "object_repr": "\uce68\uad6c\uccad\uc18c\uae30", "action_flag": 1, "change_message": "[{\"added\": {}}]"}}, {"model": "admin.logentry", "pk": 110, "fields": {"action_time": "2020-03-31T09:25:44.360Z", "user": ["rlqls505@naver.com"], "content_type": ["category", "subclass"], "object_id": "87", "object_repr": "\ud578\ub514\uccad\uc18c\uae30", "action_flag": 1, "change_message": "[{\"added\": {}}]"}}, {"model": "admin.logentry", "pk": 111, "fields": {"action_time": "2020-03-31T09:26:01.465Z", "user": ["rlqls505@naver.com"], "content_type": ["category", "subclass"], "object_id": "88", "object_repr": "\uc2a4\ud300\uccad\uc18c\uae30", "action_flag": 1, "change_message": "[{\"added\": {}}]"}}, {"model": "admin.logentry", "pk": 112, "fields": {"action_time": "2020-03-31T09:26:22.353Z", "user": ["rlqls505@naver.com"], "content_type": ["category", "subclass"], "object_id": "89", "object_repr": "\ucc28\ub7c9\uc6a9\uccad\uc18c\uae30", "action_flag": 1, "change_message": "[{\"added\": {}}]"}}, {"model": "admin.logentry", "pk": 113, "fields": {"action_time": "2020-03-31T09:26:38.908Z", "user": ["rlqls505@naver.com"], "content_type": ["category", "subclass"], "object_id": "90", "object_repr": "\uc5c5\uc18c\uc6a9\uccad\uc18c\uae30", "action_flag": 1, "change_message": "[{\"added\": {}}]"}}, {"model": "admin.logentry", "pk": 114, "fields": {"action_time": "2020-03-31T09:26:55.950Z", "user": ["rlqls505@naver.com"], "content_type": ["category", "subclass"], "object_id": "91", "object_repr": "\ud544\ud130/\uc561\uc138\uc11c\ub9ac", "action_flag": 1, "change_message": "[{\"added\": {}}]"}}, {"model": "admin.logentry", "pk": 115, "fields": {"action_time": "2020-03-31T09:27:30.110Z", "user": ["rlqls505@naver.com"], "content_type": ["category", "subclass"], "object_id": "92", "object_repr": "\uc138\ud0c1\uae30/\uac74\uc870\uae30", "action_flag": 1, "change_message": "[{\"added\": {}}]"}}, {"model": "admin.logentry", "pk": 116, "fields": {"action_time": "2020-03-31T09:28:41.745Z", "user": ["rlqls505@naver.com"], "content_type": ["category", "subclass"], "object_id": "93", "object_repr": "\ub2e4\ub9ac\ubbf8/\uc7ac\ubd09/\ubcf4\ud480", "action_flag": 1, "change_message": "[{\"added\": {}}]"}}, {"model": "admin.logentry", "pk": 117, "fields": {"action_time": "2020-03-31T09:29:09.399Z", "user": ["rlqls505@naver.com"], "content_type": ["category", "subclass"], "object_id": "94", "object_repr": "\uacf5\uae30\uccad\uc815\uae30", "action_flag": 1, "change_message": "[{\"added\": {}}]"}}, {"model": "admin.logentry", "pk": 118, "fields": {"action_time": "2020-03-31T09:29:37.156Z", "user": ["rlqls505@naver.com"], "content_type": ["category", "subclass"], "object_id": "95", "object_repr": "\ub3c4\uc5b4\ub8e9/\ube44\ub514\uc624\ud3f0", "action_flag": 1, "change_message": "[{\"added\": {}}]"}}, {"model": "admin.logentry", "pk": 119, "fields": {"action_time": "2020-03-31T09:30:03.850Z", "user": ["rlqls505@naver.com"], "content_type": ["category", "subclass"], "object_id": "96", "object_repr": "\ube44\ub370/\uc628\uc218\uae30", "action_flag": 1, "change_message": "[{\"added\": {}}]"}}, {"model": "admin.logentry", "pk": 120, "fields": {"action_time": "2020-03-31T09:31:37.152Z", "user": ["rlqls505@naver.com"], "content_type": ["category", "subclass"], "object_id": "97", "object_repr": "\uc804\ub3d9\uce6b\uc194/\uc0b4\uade0\uae30", "action_flag": 1, "change_message": "[{\"added\": {}}]"}}, {"model": "admin.logentry", "pk": 121, "fields": {"action_time": "2020-03-31T09:32:11.007Z", "user": ["rlqls505@naver.com"], "content_type": ["category", "subclass"], "object_id": "98", "object_repr": "\ud559\uc2b5\uc6a9 \uc2a4\ud0e0\ub4dc", "action_flag": 1, "change_message": "[{\"added\": {}}]"}}, {"model": "admin.logentry", "pk": 122, "fields": {"action_time": "2020-03-31T09:32:39.515Z", "user": ["rlqls505@naver.com"], "content_type": ["category", "subclass"], "object_id": "99", "object_repr": "\uc804\ud654\uae30/\ubb34\uc804\uae30", "action_flag": 1, "change_message": "[{\"added\": {}}]"}}, {"model": "admin.logentry", "pk": 123, "fields": {"action_time": "2020-03-31T09:33:23.668Z", "user": ["rlqls505@naver.com"], "content_type": ["category", "subclass"], "object_id": "100", "object_repr": "\ud5e4\uc5b4\uc2a4\ud0c0\uc77c\ub7ec", "action_flag": 1, "change_message": "[{\"added\": {}}]"}}, {"model": "admin.logentry", "pk": 124, "fields": {"action_time": "2020-03-31T09:33:43.041Z", "user": ["rlqls505@naver.com"], "content_type": ["category", "subclass"], "object_id": "101", "object_repr": "\ub450\ud53c/\ud5e4\uc5b4\uad00\ub9ac", "action_flag": 1, "change_message": "[{\"added\": {}}]"}}, {"model": "admin.logentry", "pk": 125, "fields": {"action_time": "2020-03-31T09:34:02.288Z", "user": ["rlqls505@naver.com"], "content_type": ["category", "subclass"], "object_id": "102", "object_repr": "\ubab8\ub9e4\uad00\ub9ac/\ub9c8\uc0ac\uc9c0", "action_flag": 1, "change_message": "[{\"added\": {}}]"}}, {"model": "admin.logentry", "pk": 126, "fields": {"action_time": "2020-03-31T09:34:20.756Z", "user": ["rlqls505@naver.com"], "content_type": ["category", "subclass"], "object_id": "103", "object_repr": "\uccb4\uc911\uad00\ub9ac/\uce21\uc815\uae30", "action_flag": 1, "change_message": "[{\"added\": {}}]"}}, {"model": "admin.logentry", "pk": 127, "fields": {"action_time": "2020-03-31T09:34:41.493Z", "user": ["rlqls505@naver.com"], "content_type": ["category", "subclass"], "object_id": "104", "object_repr": "\uc804\uae30\uba74\ub3c4\uae30", "action_flag": 1, "change_message": "[{\"added\": {}}]"}}, {"model": "admin.logentry", "pk": 128, "fields": {"action_time": "2020-03-31T09:35:03.211Z", "user": ["rlqls505@naver.com"], "content_type": ["category", "subclass"], "object_id": "105", "object_repr": "\uc81c\ubaa8\uae30/\uc774\ubc1c\uae30", "action_flag": 1, "change_message": "[{\"added\": {}}]"}}, {"model": "admin.logentry", "pk": 129, "fields": {"action_time": "2020-03-31T09:35:29.194Z", "user": ["rlqls505@naver.com"], "content_type": ["category", "subclass"], "object_id": "106", "object_repr": "\ub208\uc379/\ub124\uc77c\uad00\ub9ac", "action_flag": 1, "change_message": "[{\"added\": {}}]"}}, {"model": "admin.logentry", "pk": 130, "fields": {"action_time": "2020-03-31T09:35:53.442Z", "user": ["rlqls505@naver.com"], "content_type": ["category", "subclass"], "object_id": "107", "object_repr": "\uc190\uac74\uc870\uae30/\uc18c\ub3c5\uae30", "action_flag": 1, "change_message": "[{\"added\": {}}]"}}, {"model": "admin.logentry", "pk": 131, "fields": {"action_time": "2020-03-31T09:36:44.374Z", "user": ["rlqls505@naver.com"], "content_type": ["category", "subclass"], "object_id": "108", "object_repr": "\uc77c\ubc18\ub0c9\uc7a5\uace0", "action_flag": 1, "change_message": "[{\"added\": {}}]"}}, {"model": "admin.logentry", "pk": 132, "fields": {"action_time": "2020-03-31T09:37:07.691Z", "user": ["rlqls505@naver.com"], "content_type": ["category", "subclass"], "object_id": "109", "object_repr": "\ubbf8\ub2c8\ub0c9\uc7a5\uace0", "action_flag": 1, "change_message": "[{\"added\": {}}]"}}, {"model": "admin.logentry", "pk": 133, "fields": {"action_time": "2020-03-31T09:37:32.463Z", "user": ["rlqls505@naver.com"], "content_type": ["category", "subclass"], "object_id": "110", "object_repr": "\uae40\uce58\ub0c9\uc7a5\uace0", "action_flag": 1, "change_message": "[{\"added\": {}}]"}}, {"model": "admin.logentry", "pk": 134, "fields": {"action_time": "2020-03-31T09:37:48.125Z", "user": ["rlqls505@naver.com"], "content_type": ["category", "subclass"], "object_id": "111", "object_repr": "\ub0c9\ub3d9\uace0", "action_flag": 1, "change_message": "[{\"added\": {}}]"}}, {"model": "admin.logentry", "pk": 135, "fields": {"action_time": "2020-03-31T09:38:59.214Z", "user": ["rlqls505@naver.com"], "content_type": ["category", "subclass"], "object_id": "8", "object_repr": "\ub124\ube44\uac8c\uc774\uc158", "action_flag": 2, "change_message": "[{\"changed\": {\"fields\": [\"category\", \"subclass\", \"small_img\"]}}]"}}, {"model": "admin.logentry", "pk": 136, "fields": {"action_time": "2020-03-31T09:39:19.219Z", "user": ["rlqls505@naver.com"], "content_type": ["category", "subclass"], "object_id": "8", "object_repr": "\ub0b4\ube44\uac8c\uc774\uc158", "action_flag": 2, "change_message": "[{\"changed\": {\"fields\": [\"subclass\"]}}]"}}, {"model": "admin.logentry", "pk": 137, "fields": {"action_time": "2020-03-31T09:39:35.654Z", "user": ["rlqls505@naver.com"], "content_type": ["category", "subclass"], "object_id": "7", "object_repr": "\ube14\ub799\ubc15\uc2a4", "action_flag": 2, "change_message": "[{\"changed\": {\"fields\": [\"category\", \"subclass\", \"small_img\"]}}]"}}, {"model": "admin.logentry", "pk": 138, "fields": {"action_time": "2020-03-31T09:39:58.809Z", "user": ["rlqls505@naver.com"], "content_type": ["category", "subclass"], "object_id": "6", "object_repr": "\ud558\uc774\ud328\uc2a4", "action_flag": 2, "change_message": "[{\"changed\": {\"fields\": [\"category\", \"subclass\", \"small_img\"]}}]"}}, {"model": "admin.logentry", "pk": 139, "fields": {"action_time": "2020-03-31T09:40:20.569Z", "user": ["rlqls505@naver.com"], "content_type": ["category", "subclass"], "object_id": "5", "object_repr": "\ud6c4\ubc29\uce74\uba54\ub77c/\uac10\uc9c0\uae30", "action_flag": 2, "change_message": "[{\"changed\": {\"fields\": [\"subclass\", \"small_img\"]}}]"}}, {"model": "admin.logentry", "pk": 140, "fields": {"action_time": "2020-03-31T09:41:03.943Z", "user": ["rlqls505@naver.com"], "content_type": ["category", "subclass"], "object_id": "112", "object_repr": "\uacbd\ubcf4\uae30/\uc2a4\ub9c8\ud2b8\ud0a4", "action_flag": 1, "change_message": "[{\"added\": {}}]"}}, {"model": "admin.logentry", "pk": 141, "fields": {"action_time": "2020-03-31T09:41:48.646Z", "user": ["rlqls505@naver.com"], "content_type": ["category", "subclass"], "object_id": "113", "object_repr": "\uacbd\ubcf4\uae30/\uc2a4\ub9c8\ud2b8\ud0a4", "action_flag": 1, "change_message": "[{\"added\": {}}]"}}, {"model": "admin.logentry", "pk": 142, "fields": {"action_time": "2020-03-31T09:42:08.827Z", "user": ["rlqls505@naver.com"], "content_type": ["category", "subclass"], "object_id": "114", "object_repr": "\ucc28\ub7c9\uc6a9 \uc74c\ud5a5\uae30\uae30", "action_flag": 1, "change_message": "[{\"added\": {}}]"}}, {"model": "admin.logentry", "pk": 143, "fields": {"action_time": "2020-03-31T09:42:26.593Z", "user": ["rlqls505@naver.com"], "content_type": ["category", "subclass"], "object_id": "115", "object_repr": "\ucc28\ub7c9\uc6a9 \uac70\uce58\ub300", "action_flag": 1, "change_message": "[{\"added\": {}}]"}}, {"model": "admin.logentry", "pk": 144, "fields": {"action_time": "2020-03-31T09:42:44.804Z", "user": ["rlqls505@naver.com"], "content_type": ["category", "subclass"], "object_id": "116", "object_repr": "\ucc28\ub7c9\uc6a9 \ucda9\uc804\uae30", "action_flag": 1, "change_message": "[{\"added\": {}}]"}}, {"model": "admin.logentry", "pk": 145, "fields": {"action_time": "2020-03-31T09:44:27.846Z", "user": ["rlqls505@naver.com"], "content_type": ["category", "subclass"], "object_id": "112", "object_repr": "\ubb34\uae30 \ubc0f \ucd1d\ud3ec\ud0c4 \ubd80\ud488", "action_flag": 2, "change_message": "[{\"changed\": {\"fields\": [\"maincategory\", \"category\", \"subclass\", \"small_img\"]}}]"}}, {"model": "admin.logentry", "pk": 146, "fields": {"action_time": "2020-03-31T09:44:46.300Z", "user": ["rlqls505@naver.com"], "content_type": ["category", "subclass"], "object_id": "117", "object_repr": "\uae08\uc18d\ud30c\uc2a4\ub108 \ubc0f \uc2a4\ud504\ub9c1", "action_flag": 1, "change_message": "[{\"added\": {}}]"}}, {"model": "admin.logentry", "pk": 147, "fields": {"action_time": "2020-03-31T09:45:03.991Z", "user": ["rlqls505@naver.com"], "content_type": ["category", "subclass"], "object_id": "118", "object_repr": "\uae08\uc18d\ub2e8\uc870\uc81c\ud488", "action_flag": 1, "change_message": "[{\"added\": {}}]"}}, {"model": "admin.logentry", "pk": 148, "fields": {"action_time": "2020-03-31T09:45:44.813Z", "user": ["rlqls505@naver.com"], "content_type": ["category", "subclass"], "object_id": "119", "object_repr": "\uc720\uc555\uae30\uae30", "action_flag": 1, "change_message": "[{\"added\": {}}]"}}, {"model": "admin.logentry", "pk": 149, "fields": {"action_time": "2020-03-31T09:46:13.405Z", "user": ["rlqls505@naver.com"], "content_type": ["category", "subclass"], "object_id": "120", "object_repr": "\ud38c\ud504", "action_flag": 1, "change_message": "[{\"added\": {}}]"}}, {"model": "admin.logentry", "pk": 150, "fields": {"action_time": "2020-03-31T09:46:42.492Z", "user": ["rlqls505@naver.com"], "content_type": ["category", "subclass"], "object_id": "121", "object_repr": "\uc555\ucd95\uae30", "action_flag": 1, "change_message": "[{\"added\": {}}]"}}, {"model": "admin.logentry", "pk": 151, "fields": {"action_time": "2020-03-31T09:46:57.613Z", "user": ["rlqls505@naver.com"], "content_type": ["category", "subclass"], "object_id": "122", "object_repr": "\ubca0\uc5b4\ub9c1", "action_flag": 1, "change_message": "[{\"added\": {}}]"}}, {"model": "admin.logentry", "pk": 152, "fields": {"action_time": "2020-03-31T09:47:16.783Z", "user": ["rlqls505@naver.com"], "content_type": ["category", "subclass"], "object_id": "123", "object_repr": "\uae30\uc5b4 \ubc0f \ub3d9\ub825\uc804\ub2ec\uc7a5\uce58", "action_flag": 1, "change_message": "[{\"added\": {}}]"}}, {"model": "admin.logentry", "pk": 153, "fields": {"action_time": "2020-03-31T09:47:54.733Z", "user": ["rlqls505@naver.com"], "content_type": ["category", "subclass"], "object_id": "124", "object_repr": "\uc804\ub3d9\uae30", "action_flag": 1, "change_message": "[{\"added\": {}}]"}}, {"model": "admin.logentry", "pk": 154, "fields": {"action_time": "2020-03-31T09:48:13.445Z", "user": ["rlqls505@naver.com"], "content_type": ["category", "subclass"], "object_id": "125", "object_repr": "\ubcc0\uc555\uae30", "action_flag": 1, "change_message": "[{\"added\": {}}]"}}, {"model": "admin.logentry", "pk": 155, "fields": {"action_time": "2020-03-31T09:48:35.030Z", "user": ["rlqls505@naver.com"], "content_type": ["category", "subclass"], "object_id": "126", "object_repr": "\ucd95\uc804\uc9c0", "action_flag": 1, "change_message": "[{\"added\": {}}]"}}, {"model": "admin.logentry", "pk": 156, "fields": {"action_time": "2020-03-31T09:48:55.574Z", "user": ["rlqls505@naver.com"], "content_type": ["category", "subclass"], "object_id": "127", "object_repr": "\uad11\uc12c\uc720\ucf00\uc774\ube14", "action_flag": 1, "change_message": "[{\"added\": {}}]"}}, {"model": "admin.logentry", "pk": 157, "fields": {"action_time": "2020-03-31T09:49:15.878Z", "user": ["rlqls505@naver.com"], "content_type": ["category", "subclass"], "object_id": "128", "object_repr": "\uac00\uc815\uc6a9 \uc804\uc790\uae30\uae30 \ubd80\ud488", "action_flag": 1, "change_message": "[{\"added\": {}}]"}}, {"model": "admin.logentry", "pk": 158, "fields": {"action_time": "2020-03-31T09:49:41.887Z", "user": ["rlqls505@naver.com"], "content_type": ["category", "subclass"], "object_id": "129", "object_repr": "\uc804\uc790\uc9c1\uc811\ud68c\ub85c", "action_flag": 1, "change_message": "[{\"added\": {}}]"}}, {"model": "admin.logentry", "pk": 159, "fields": {"action_time": "2020-03-31T09:50:04.264Z", "user": ["rlqls505@naver.com"], "content_type": ["category", "subclass"], "object_id": "130", "object_repr": "\ubc29\uc1a1\ud1b5\uc2e0\uc7a5\ube44 \ubc0f \ubd80\ud488", "action_flag": 1, "change_message": "[{\"added\": {}}]"}}, {"model": "admin.logentry", "pk": 160, "fields": {"action_time": "2020-03-31T09:50:29.452Z", "user": ["rlqls505@naver.com"], "content_type": ["category", "subclass"], "object_id": "131", "object_repr": "\ud3c9\ud310\ub514\uc2a4\ud50c\ub808\uc774(LCD, OLED \ub4f1)", "action_flag": 1, "change_message": "[{\"added\": {}}]"}}, {"model": "admin.logentry", "pk": 161, "fields": {"action_time": "2020-03-31T09:50:51.411Z", "user": ["rlqls505@naver.com"], "content_type": ["category", "subclass"], "object_id": "132", "object_repr": "\ucef4\ud4e8\ud130 \uc8fc\ubcc0\uae30\uae30(\uae30\uc5b5\uc7a5\uce58 \ub4f1)", "action_flag": 1, "change_message": "[{\"added\": {}}]"}}, {"model": "admin.logentry", "pk": 162, "fields": {"action_time": "2020-03-31T09:51:21.277Z", "user": ["rlqls505@naver.com"], "content_type": ["category", "subclass"], "object_id": "133", "object_repr": "\uad11\ud559\ub80c\uc988", "action_flag": 1, "change_message": "[{\"added\": {}}]"}}, {"model": "admin.logentry", "pk": 163, "fields": {"action_time": "2020-03-31T09:51:38.895Z", "user": ["rlqls505@naver.com"], "content_type": ["category", "subclass"], "object_id": "134", "object_repr": "\uc2dc\uacc4\ubd80\ud488", "action_flag": 1, "change_message": "[{\"added\": {}}]"}}, {"model": "admin.logentry", "pk": 164, "fields": {"action_time": "2020-03-31T09:51:53.154Z", "user": ["rlqls505@naver.com"], "content_type": ["category", "subclass"], "object_id": "135", "object_repr": "\uae30\ud0c0\uc758\ub8cc\uae30\uae30 \ubd80\ud488", "action_flag": 1, "change_message": "[{\"added\": {}}]"}}, {"model": "admin.logentry", "pk": 165, "fields": {"action_time": "2020-03-31T09:52:12.092Z", "user": ["rlqls505@naver.com"], "content_type": ["category", "subclass"], "object_id": "136", "object_repr": "\uce21\uc815\uae30\uae30 \ubd80\ud488", "action_flag": 1, "change_message": "[{\"added\": {}}]"}}, {"model": "admin.logentry", "pk": 166, "fields": {"action_time": "2020-03-31T09:52:55.538Z", "user": ["rlqls505@naver.com"], "content_type": ["category", "subclass"], "object_id": "137", "object_repr": "\ucc28\ub7c9\uc6a9/\ud56d\uacf5\uae30\uc6a9 \uc5d4\uc9c4", "action_flag": 1, "change_message": "[{\"added\": {}}]"}}, {"model": "admin.logentry", "pk": 167, "fields": {"action_time": "2020-03-31T09:53:33.776Z", "user": ["rlqls505@naver.com"], "content_type": ["category", "subclass"], "object_id": "138", "object_repr": "\uc790\ub3d9\ucc28\uc6a9 \ub3d9\ub825\uc804\ub2ec\uc7a5\uce58", "action_flag": 1, "change_message": "[{\"added\": {}}]"}}, {"model": "admin.logentry", "pk": 168, "fields": {"action_time": "2020-03-31T09:54:16.817Z", "user": ["rlqls505@naver.com"], "content_type": ["category", "subclass"], "object_id": "139", "object_repr": "\uc790\ub3d9\ucc28 \ucc28\uccb4 \ubd80\ud488", "action_flag": 1, "change_message": "[{\"added\": {}}]"}}, {"model": "admin.logentry", "pk": 169, "fields": {"action_time": "2020-03-31T09:54:38.897Z", "user": ["rlqls505@naver.com"], "content_type": ["category", "subclass"], "object_id": "140", "object_repr": "\ud56d\uacf5\uae30 \ubd80\ud488", "action_flag": 1, "change_message": "[{\"added\": {}}]"}}, {"model": "admin.logentry", "pk": 170, "fields": {"action_time": "2020-03-31T09:55:23.543Z", "user": ["rlqls505@naver.com"], "content_type": ["category", "subclass"], "object_id": "141", "object_repr": "\ucca0\ub3c4\ucc28\ub7c9\ubd80\ud488", "action_flag": 1, "change_message": "[{\"added\": {}}]"}}, {"model": "admin.logentry", "pk": 171, "fields": {"action_time": "2020-03-31T09:55:46.005Z", "user": ["rlqls505@naver.com"], "content_type": ["category", "subclass"], "object_id": "142", "object_repr": "\uc120\ubc15 \uad6c\uc131\ubd80\ud488", "action_flag": 1, "change_message": "[{\"added\": {}}]"}}, {"model": "admin.logentry", "pk": 172, "fields": {"action_time": "2020-03-31T10:00:51.366Z", "user": ["rlqls505@naver.com"], "content_type": ["category", "subclass"], "object_id": "143", "object_repr": "\uc9c4\uacf5\uccad\uc18c\uae30", "action_flag": 1, "change_message": "[{\"added\": {}}]"}}, {"model": "admin.logentry", "pk": 173, "fields": {"action_time": "2020-03-31T10:01:27.275Z", "user": ["rlqls505@naver.com"], "content_type": ["category", "subclass"], "object_id": "144", "object_repr": "\uacf5\uae30\uccad\uc815\uae30", "action_flag": 1, "change_message": "[{\"added\": {}}]"}}, {"model": "admin.logentry", "pk": 174, "fields": {"action_time": "2020-04-02T05:12:22.844Z", "user": ["rlqls505@naver.com"], "content_type": ["account", "partner"], "object_id": "5", "object_repr": "5", "action_flag": 2, "change_message": "[{\"changed\": {\"fields\": [\"possible_set\"]}}]"}}, {"model": "admin.logentry", "pk": 175, "fields": {"action_time": "2020-04-02T05:12:37.916Z", "user": ["rlqls505@naver.com"], "content_type": ["account", "partner"], "object_id": "4", "object_repr": "4", "action_flag": 2, "change_message": "[{\"changed\": {\"fields\": [\"possible_set\", \"history_set\"]}}]"}}, {"model": "admin.logentry", "pk": 176, "fields": {"action_time": "2020-04-02T06:00:01.103Z", "user": ["rlqls505@naver.com"], "content_type": ["account", "partner"], "object_id": "1", "object_repr": "1", "action_flag": 3, "change_message": ""}}, {"model": "admin.logentry", "pk": 177, "fields": {"action_time": "2020-04-06T05:06:34.563Z", "user": ["rlqls505@naver.com"], "content_type": ["category", "region"], "object_id": "11", "object_repr": "\uac15\uc6d0\ubd81\ubd80", "action_flag": 1, "change_message": "[{\"added\": {}}]"}}, {"model": "admin.logentry", "pk": 178, "fields": {"action_time": "2020-04-06T05:06:43.955Z", "user": ["rlqls505@naver.com"], "content_type": ["category", "region"], "object_id": "12", "object_repr": "\uac15\uc6d0\ub0a8\ubd80", "action_flag": 1, "change_message": "[{\"added\": {}}]"}}, {"model": "admin.logentry", "pk": 179, "fields": {"action_time": "2020-04-06T05:06:49.069Z", "user": ["rlqls505@naver.com"], "content_type": ["category", "region"], "object_id": "13", "object_repr": "\uac15\uc6d0\uc11c\ubd80", "action_flag": 1, "change_message": "[{\"added\": {}}]"}}, {"model": "admin.logentry", "pk": 180, "fields": {"action_time": "2020-04-06T05:06:54.511Z", "user": ["rlqls505@naver.com"], "content_type": ["category", "region"], "object_id": "14", "object_repr": "\uac15\uc6d0\ub3d9\ubd80", "action_flag": 1, "change_message": "[{\"added\": {}}]"}}, {"model": "admin.logentry", "pk": 181, "fields": {"action_time": "2020-04-06T05:07:58.422Z", "user": ["rlqls505@naver.com"], "content_type": ["category", "region"], "object_id": "15", "object_repr": "\ucda9\uccad\ubd81\ub3c4", "action_flag": 1, "change_message": "[{\"added\": {}}]"}}, {"model": "admin.logentry", "pk": 182, "fields": {"action_time": "2020-04-06T05:09:07.519Z", "user": ["rlqls505@naver.com"], "content_type": ["category", "region"], "object_id": "16", "object_repr": "\ucda9\uccad\ub0a8\ub3c4", "action_flag": 1, "change_message": "[{\"added\": {}}]"}}, {"model": "admin.logentry", "pk": 183, "fields": {"action_time": "2020-04-06T05:09:23.943Z", "user": ["rlqls505@naver.com"], "content_type": ["category", "region"], "object_id": "17", "object_repr": "\uc804\ub77c\ubd81\ub3c4", "action_flag": 1, "change_message": "[{\"added\": {}}]"}}, {"model": "admin.logentry", "pk": 184, "fields": {"action_time": "2020-04-06T05:10:24.301Z", "user": ["rlqls505@naver.com"], "content_type": ["category", "region"], "object_id": "18", "object_repr": "\uc804\ub77c\ub0a8\ub3c4", "action_flag": 1, "change_message": "[{\"added\": {}}]"}}, {"model": "admin.logentry", "pk": 185, "fields": {"action_time": "2020-04-06T05:10:33.047Z", "user": ["rlqls505@naver.com"], "content_type": ["category", "region"], "object_id": "19", "object_repr": "\uacbd\uc0c1\ubd81\ub3c4", "action_flag": 1, "change_message": "[{\"added\": {}}]"}}, {"model": "admin.logentry", "pk": 186, "fields": {"action_time": "2020-04-06T05:10:44.174Z", "user": ["rlqls505@naver.com"], "content_type": ["category", "region"], "object_id": "20", "object_repr": "\uacbd\uc0c1\ub0a8\ub3c4", "action_flag": 1, "change_message": "[{\"added\": {}}]"}}, {"model": "admin.logentry", "pk": 187, "fields": {"action_time": "2020-04-06T05:10:52.529Z", "user": ["rlqls505@naver.com"], "content_type": ["category", "region"], "object_id": "21", "object_repr": "\uc81c\uc8fc\ud2b9\ubcc4\uc790\uce58\ub3c4", "action_flag": 1, "change_message": "[{\"added\": {}}]"}}, {"model": "admin.logentry", "pk": 188, "fields": {"action_time": "2020-04-06T05:10:58.848Z", "user": ["rlqls505@naver.com"], "content_type": ["category", "region"], "object_id": "22", "object_repr": "\ub300\uad6c\uad11\uc5ed\uc2dc", "action_flag": 1, "change_message": "[{\"added\": {}}]"}}, {"model": "admin.logentry", "pk": 189, "fields": {"action_time": "2020-04-06T05:11:05.871Z", "user": ["rlqls505@naver.com"], "content_type": ["category", "region"], "object_id": "23", "object_repr": "\ubd80\uc0b0\uad11\uc5ed\uc2dc", "action_flag": 1, "change_message": "[{\"added\": {}}]"}}, {"model": "admin.logentry", "pk": 190, "fields": {"action_time": "2020-04-06T05:11:16.399Z", "user": ["rlqls505@naver.com"], "content_type": ["category", "region"], "object_id": "24", "object_repr": "\ub300\uc804\uad11\uc5ed\uc2dc", "action_flag": 1, "change_message": "[{\"added\": {}}]"}}, {"model": "admin.logentry", "pk": 191, "fields": {"action_time": "2020-04-06T05:11:25.806Z", "user": ["rlqls505@naver.com"], "content_type": ["category", "region"], "object_id": "25", "object_repr": "\uad11\uc8fc\uad11\uc5ed\uc2dc", "action_flag": 1, "change_message": "[{\"added\": {}}]"}}, {"model": "admin.logentry", "pk": 192, "fields": {"action_time": "2020-04-06T05:11:31.624Z", "user": ["rlqls505@naver.com"], "content_type": ["category", "region"], "object_id": "26", "object_repr": "\uc778\ucc9c\uad11\uc5ed\uc2dc", "action_flag": 1, "change_message": "[{\"added\": {}}]"}}, {"model": "admin.logentry", "pk": 193, "fields": {"action_time": "2020-04-06T09:31:45.796Z", "user": ["rlqls505@naver.com"], "content_type": ["category", "developbig"], "object_id": "4", "object_repr": "\uae08\ud615/\uac00\uacf5", "action_flag": 2, "change_message": "[{\"changed\": {\"fields\": [\"maincategory_img\"]}}]"}}, {"model": "admin.logentry", "pk": 194, "fields": {"action_time": "2020-04-06T09:31:55.971Z", "user": ["rlqls505@naver.com"], "content_type": ["category", "developbig"], "object_id": "3", "object_repr": "\ubaa9\uc5c5", "action_flag": 2, "change_message": "[{\"changed\": {\"fields\": [\"maincategory_img\"]}}]"}}, {"model": "admin.logentry", "pk": 195, "fields": {"action_time": "2020-04-06T09:32:04.048Z", "user": ["rlqls505@naver.com"], "content_type": ["category", "developbig"], "object_id": "1", "object_repr": "\uc124\uacc4", "action_flag": 2, "change_message": "[{\"changed\": {\"fields\": [\"maincategory_img\"]}}]"}}, {"model": "admin.logentry", "pk": 196, "fields": {"action_time": "2020-04-06T11:54:45.889Z", "user": ["rlqls505@naver.com"], "content_type": ["payment", "paylist"], "object_id": "2", "object_repr": "2", "action_flag": 2, "change_message": "[{\"changed\": {\"fields\": [\"merchant_uid\"]}}]"}}]